Catalog_Number,Date,TD_Greatest_Eclipse,Delta_T,Saros,Type,Type_Full,Gamma,Penumbral_Magnitude,Umbral_Magnitude,Penumbral_Duration_Min,Partial_Duration_Min,Total_Duration_Min,Zenith_Latitude,Zenith_Longitude,P1_UTC_ms,U1_UTC_ms,U2_UTC_ms,Max_UTC_ms,U3_UTC_ms,U4_UTC_ms,P4_UTC_ms
09173,1801-03-30,05:24:05,13,119,T,T+,0.0052,2.8569,1.84,344.5,222.3,102.1,-4,-80,-5325514103000,-5325510437000,-5325506831000,-5325503768000,-5325500705000,-5325497099000,-5325493433000
09174,1801-09-22,07:18:55,13,124,T,T-,-0.1074,2.6548,1.6669,332.1,216.4,98.2,-1,-111,-5310300441000,-5310296970000,-5310293424000,-5310290478000,-5310287532000,-5310283986000,-5310280515000
09175,1802-03-19,11:15:28,13,129,P,P,-0.7517,1.5156,0.4422,324.4,151.7,0,0,-167,-5294906817000,-5294901636000,,-5294897085000,,-5294892534000,-5294887353000
09176,1802-09-11,22:36:46,13,134,P,P,0.6105,1.7134,0.7615,292.6,170,0,-4,20,-5279658585000,-5279654907000,,-5279649807000,,-5279644707000,-5279641029000
09177,1803-02-06,17:10:42,13,101,N,N,1.5322,0.0918,-0.998,93,0,0,17,107,-5266884961000,,,-5266882171000,,,-5266879381000
09178,1803-03-08,11:17:40,13,139,N,N,-1.4653,0.2167,-0.8776,143.2,0,0,4,-167,-5264315649000,,,-5264311353000,,,-5264307057000
09179,1803-08-03,07:05:09,12,106,N,N,-1.2349,0.579,-0.3953,200,0,0,-19,-104,-5251545303000,,,-5251539303000,,,-5251533303000
09180,1803-09-01,15:19:10,12,144,N,N,1.3282,0.4003,-0.5589,165.1,0,0,-7,130,-5249009015000,,,-5249004062000,,,-5248999109000
09181,1804-01-26,21:21:21,12,111,P,P,0.7882,1.4319,0.3918,302.3,137.8,0,20,43,-5236290600000,-5236285665000,,-5236281531000,,-5236277397000,-5236272462000
09182,1804-07-22,17:38:00,12,116,P,P,-0.5141,1.9284,0.9011,335,195.8,0,-21,97,-5220925782000,-5220921606000,,-5220915732000,,-5220909858000,-5220905682000
09183,1805-01-15,08:40:58,12,121,T,T+,0.0663,2.7305,1.742,326.7,213.2,98.1,21,-128,-5205664955000,-5205661550000,-5205658097000,-5205655154000,-5205652211000,-5205648758000,-5205645353000
09184,1805-07-11,21:04:52,12,126,T,T+,0.2561,2.4214,1.3554,368.1,227.6,87.6,-22,45,-5190328763000,-5190324548000,-5190320348000,-5190317720000,-5190315092000,-5190310892000,-5190306677000
09185,1806-01-05,00:02:04,12,131,P,P,-0.5981,1.7459,0.7748,294.8,170.5,0,22,1,-5175023132000,-5175019403000,,-5175014288000,,-5175009173000,-5175005444000
09187,1806-11-26,02:05:38,12,103,N,N,1.4853,0.145,-0.8797,107.8,0,0,22,-35,-5146930108000,,,-5146926874000,,,-5146923640000
09188,1806-12-25,14:48:04,12,141,N,N,-1.2891,0.4923,-0.5071,186,0,0,22,138,-5144381108000,,,-5144375528000,,,-5144369948000
09189,1807-05-21,16:49:32,12,108,P,P,-0.9423,1.1229,0.1346,267.4,82,0,-21,107,-5131675462000,-5131669900000,,-5131667440000,,-5131664980000,-5131659418000
09190,1807-11-15,08:09:59,12,113,P,P,0.8473,1.3426,0.2646,310.7,120.1,0,19,-126,-5116328734000,-5116323016000,,-5116319413000,,-5116315810000,-5116310092000
09191,1808-05-10,07:38:16,12,118,T,T-,-0.1736,2.5145,1.5637,317.5,209.2,92.8,-18,-116,-5101038041000,-5101034792000,-5101031300000,-5101028516000,-5101025732000,-5101022240000,-5101018991000
09192,1808-11-03,08:13:38,12,123,T,T+,0.1607,2.6121,1.5148,376.3,232.3,98.1,15,-127,-5085744883000,-5085740563000,-5085736537000,-5085733594000,-5085730651000,-5085726625000,-5085722305000
09193,1809-04-30,00:33:02,12,128,P,P,0.549,1.8275,0.8733,299.3,179.4,0,-14,-9,-5070391009000,-5070387412000,,-5070382030000,,-5070376648000,-5070373051000
09194,1809-10-23,09:02:46,12,133,P,P,-0.544,1.8924,0.8275,341.8,192.6,0,11,-139,-5055155300000,-5055150824000,,-5055145046000,,-5055139268000,-5055134792000
09195,1810-03-21,02:54:49,12,100,N,N,-1.4209,0.2689,-0.7674,148.7,0,0,-1,-42,-5042297984000,,,-5042293523000,,,-5042289062000
09196,1810-04-19,14:54:06,12,138,N,N,1.3165,0.4414,-0.557,180.6,0,0,-10,137,-5039750184000,,,-5039744766000,,,-5039739348000
09197,1810-09-13,06:27:11,12,105,N,N,1.4299,0.2202,-0.752,126.2,0,0,-3,-98,-5027078167000,,,-5027074381000,,,-5027070595000
09198,1810-10-12,16:39:20,12,143,N,N,-1.223,0.6167,-0.3889,210.1,0,0,6,107,-5024538355000,,,-5024532052000,,,-5024525749000
09199,1811-03-10,06:37:39,12,110,P,P,-0.7527,1.5205,0.434,329,151.9,0,4,-97,-5011704423000,-5011699110000,,-5011694553000,,-5011689996000,-5011684683000
09200,1811-09-02,22:41:52,12,115,P,P,0.6972,1.5522,0.6045,283.3,155.1,0,-7,19,-4996438799000,-4996434953000,,-4996430300000,,-4996425647000,-4996421801000
09201,1812-02-27,06:04:51,12,120,T,T-,-0.0538,2.8057,1.7135,375.5,234.1,104.3,9,-88,-4981122186000,-4981117944000,-4981114050000,-4981110921000,-4981107792000,-4981103898000,-4981099656000
09202,1812-08-22,15:01:22,12,125,T,T-,-0.0228,2.7998,1.832,326.7,215.4,100.4,-12,135,-4965795731000,-4965792392000,-4965788942000,-4965785930000,-4965782918000,-4965779468000,-4965776129000
09203,1813-02-15,08:50:46,12,130,P,P,0.6453,1.6993,0.6488,324.2,172.5,0,13,-129,-4950525092000,-4950520541000,,-4950515366000,,-4950510191000,-4950505640000
09204,1813-08-12,02:52:49,12,135,P,P,-0.8085,1.3834,0.3655,299,134.5,0,-16,-42,-4935166613000,-4935161678000,,-4935157643000,,-4935153608000,-4935148673000
09205,1814-01-06,07:28:19,12,102,N,N,-1.4118,0.2568,-0.7223,134,0,0,21,-111,-4922444333000,,,-4922440313000,,,-4922436293000
09206,1814-02-04,18:47:01,12,140,N,N,1.2926,0.4843,-0.5122,184.5,0,0,17,82,-4919899526000,,,-4919893991000,,,-4919888456000
09207,1814-07-02,16:51:30,12,107,N,N,1.2225,0.6498,-0.4196,236.7,0,0,-22,108,-4907120823000,,,-4907113722000,,,-4907106621000
09208,1814-12-26,23:08:27,12,112,P,P,-0.7564,1.4573,0.4825,280.3,141.5,0,23,13,-4891806714000,-4891802550000,,-4891798305000,,-4891794060000,-4891789896000
09209,1815-06-21,18:06:32,12,117,T,T,0.4498,2.0575,1.0081,349.9,207.4,14.7,-23,89,-4876534117000,-4876529842000,-4876524061000,-4876523620000,-4876523179000,-4876517398000,-4876513123000
09210,1815-12-16,12:55:06,12,122,T,T-,-0.0906,2.6987,1.685,337.2,217.4,98.4,23,165,-4861173222000,-4861169628000,-4861166058000,-4861163106000,-4861160154000,-4861156584000,-4861152990000
09211,1816-06-10,01:14:25,12,127,T,T,-0.3368,2.2387,1.241,333.2,209.5,71.3,-23,-19,-4845922343000,-4845918632000,-4845914486000,-4845912347000,-4845910208000,-4845906062000,-4845902351000
09212,1816-12-04,20:35:14,12,132,P,P,0.6319,1.7338,0.6636,332.8,176.7,0,23,49,-4830559882000,-4830555199000,,-4830549898000,,-4830544597000,-4830539914000
09213,1817-05-01,07:44:01,12,99,N,N,1.4587,0.1554,-0.7931,103.9,0,0,-14,-116,-4817812088000,,,-4817808971000,,,-4817805854000
09214,1817-05-30,15:07:30,12,137,N,N,-1.0607,0.888,-0.0652,233.9,0,0,-23,132,-4815283779000,,,-4815276762000,,,-4815269745000
09215,1817-11-23,21:26:57,12,142,N,N,1.3435,0.4441,-0.6577,201.1,0,0,22,35,-4799967228000,,,-4799961195000,,,-4799955162000
09216,1818-04-21,00:20:29,12,109,P,P,0.7728,1.4222,0.4572,280.7,140,0,-11,-5,-4787172004000,-4787167783000,,-4787163583000,,-4787159383000,-4787155162000
09217,1818-10-14,05:25:27,12,114,P,P,-0.9175,1.1981,0.1512,289.7,90.3,0,7,-84,-4771947576000,-4771941594000,,-4771938885000,,-4771936176000,-4771930194000
09218,1819-04-10,13:07:53,12,119,T,T+,0.0502,2.7745,1.7574,345.4,222.7,101.8,-8,163,-4756542301000,-4756538620000,-4756534993000,-4756531939000,-4756528885000,-4756525258000,-4756521577000
09219,1819-10-03,15:13:28,12,124,T,T-,-0.151,2.5747,1.5868,330.4,214.5,95.3,4,129,-4741327916000,-4741324439000,-4741320863000,-4741318004000,-4741315145000,-4741311569000,-4741308092000
09220,1820-03-29,18:42:43,12,129,P,P,-0.7112,1.5895,0.5171,330,162.4,0,-4,80,-4725936149000,-4725931121000,,-4725926249000,,-4725921377000,-4725916349000
09221,1820-09-22,06:35:09,11,134,P,P,0.5612,1.8049,0.8511,296.7,176.8,0,0,-101,-4710686003000,-4710682406000,,-4710677102000,,-4710671798000,-4710668201000
09222,1821-02-17,01:05:17,11,101,N,N,1.547,0.0626,-1.023,76.8,0,0,13,-12,-4697911998000,,,-4697909694000,,,-4697907390000
09223,1821-03-18,18:44:59,11,139,N,N,-1.4293,0.281,-0.8095,161.8,0,0,0,80,-4695345366000,,,-4695340512000,,,-4695335658000
09224,1821-08-13,14:26:43,11,106,N,N,-1.3066,0.4497,-0.5292,179.2,0,0,-16,145,-4682574184000,,,-4682568808000,,,-4682563432000
09225,1821-09-11,23:04:56,11,144,N,N,1.2766,0.4971,-0.4666,182.9,0,0,-3,12,-4680037602000,,,-4680032115000,,,-4680026628000
09226,1822-02-06,05:43:26,11,111,P,P,0.7961,1.4151,0.3797,299.9,135.6,0,16,-82,-4667316402000,-4667311473000,,-4667307405000,,-4667303337000,-4667298408000
09227,1822-08-03,00:30:07,11,116,P,P,-0.5938,1.7845,0.7526,329.8,184.2,0,-18,-6,-4651956898000,-4651952530000,,-4651947004000,,-4651941478000,-4651937110000
09228,1823-01-26,17:24:54,11,121,T,T+,0.0729,2.7169,1.7314,325.7,212.8,97.8,19,102,-4636689488000,-4636686101000,-4636682651000,-4636679717000,-4636676783000,-4636673333000,-4636669946000
09229,1823-07-23,03:32:23,10,126,T,T+,0.1699,2.5805,1.5124,371.6,232.3,98.6,-20,-52,-4621361615000,-4621357436000,-4621353425000,-4621350467000,-4621347509000,-4621343498000,-4621339319000
09230,1824-01-16,08:54:09,10,131,P,P,-0.5937,1.7538,0.7829,295.3,171.2,0,21,-131,-4606047220000,-4606043497000,,-4606038361000,,-4606033225000,-4606029502000
09231,1824-07-11,04:14:59,10,136,P,P,0.9245,1.1908,0.133,298.7,87.6,0,-21,-63,-4590771272000,-4590764939000,,-4590762311000,,-4590759683000,-4590753350000
09232,1824-12-06,10:32:41,10,103,N,N,1.498,0.1241,-0.9053,100.3,0,0,24,-160,-4577955458000,,,-4577952449000,,,-4577949440000
09233,1825-01-04,23:31:53,10,141,N,N,-1.289,0.4937,-0.5081,186.8,0,0,21,8,-4575405701000,,,-4575400097000,,,-4575394493000
09234,1825-06-01,00:06:18,10,108,P,P,-1.0089,0.9983,0.0149,254.4,27.6,0,-23,-2,-4562704864000,-4562698060000,,-4562697232000,,-4562696404000,-4562689600000
09235,1825-11-25,16:09:25,9,113,P,P,0.8643,1.3137,0.2311,309.4,113,0,22,114,-4547355926000,-4547350034000,,-4547346644000,,-4547343254000,-4547337362000
09236,1826-05-21,15:15:25,9,118,T,T-,-0.2384,2.3941,1.4464,315,206.3,86.5,-20,130,-4532066534000,-4532063273000,-4532059679000,-4532057084000,-4532054489000,-4532050895000,-4532047634000
09237,1826-11-14,15:56:14,9,123,T,T+,0.184,2.5707,1.4709,375.9,231.2,95.6,18,117,-4516773112000,-4516768771000,-4516764703000,-4516761835000,-4516758967000,-4516754899000,-4516750558000
09238,1827-05-11,08:16:57,9,128,P,P,0.491,1.9336,0.9801,304,186.8,0,-17,-125,-4501419312000,-4501415796000,,-4501410192000,,-4501404588000,-4501401072000
09239,1827-11-03,16:51:55,8,133,P,P,-0.5151,1.9457,0.8805,343.3,196.3,0,15,103,-4486183192000,-4486178782000,,-4486172893000,,-4486167004000,-4486162594000
09240,1828-03-31,10:38:46,8,100,N,N,-1.463,0.1917,-0.8446,126.9,0,0,-6,-159,-4473325489000,,,-4473321682000,,,-4473317875000
09241,1828-04-29,22:28:38,8,138,N,N,1.2674,0.5318,-0.4671,197.2,0,0,-13,22,-4470779406000,,,-4470773490000,,,-4470767574000
09242,1828-09-23,14:19:43,8,105,N,N,1.4724,0.1424,-0.8302,102,0,0,2,143,-4458105085000,,,-4458102025000,,,-4458098965000
09243,1828-10-23,00:44:42,8,143,N,N,-1.1889,0.6793,-0.3263,218.5,0,0,10,-15,-4455565481000,,,-4455558926000,,,-4455552371000
09244,1829-03-20,14:08:14,8,110,P,P,-0.7891,1.4527,0.368,324.5,141.5,0,-1,150,-4442733249000,-4442727759000,,-4442723514000,,-4442719269000,-4442713779000
09245,1829-09-13,06:33:27,8,115,P,P,0.7509,1.455,0.5046,277.7,143.9,0,-3,-100,-4427466332000,-4427462318000,,-4427458001000,,-4427453684000,-4427449670000
09246,1830-03-09,13:42:57,7,120,T,T-,-0.0824,2.751,1.6632,374.2,233.4,103.3,4,157,-4412150656000,-4412146432000,-4412142529000,-4412139430000,-4412136331000,-4412132428000,-4412128204000
09247,1830-09-02,22:37:55,7,125,T,T+,0.0371,2.776,1.8034,327.9,215.7,100.2,-8,20,-4396824369000,-4396821003000,-4396817538000,-4396814532000,-4396811526000,-4396808061000,-4396804695000
09248,1831-02-26,16:56:21,7,130,P,P,0.6246,1.7346,0.6897,324.7,176.2,0,9,109,-4381551967000,-4381547512000,,-4381542226000,,-4381536940000,-4381532485000
09249,1831-08-23,09:59:56,7,135,P,P,-0.7428,1.5067,0.4833,309.1,152.4,0,-12,-149,-4366197284000,-4366192583000,,-4366188011000,,-4366183439000,-4366178738000
09250,1832-01-17,16:18:15,7,102,N,N,-1.4135,0.2527,-0.7245,132.8,0,0,19,118,-4353468496000,,,-4353464512000,,,-4353460528000
09251,1832-02-16,03:20:41,7,140,N,N,1.2783,0.5083,-0.4838,188,0,0,14,-46,-4350924806000,,,-4350919166000,,,-4350913526000
09252,1832-07-12,23:15:58,6,107,N,N,1.3081,0.4929,-0.5769,209.3,0,0,-21,12,-4338152927000,,,-4338146648000,,,-4338140369000
09253,1832-08-11,14:14:52,6,145,N,Nb,-1.5396,0.0662,-1,79.1,0,0,-17,148,-4335589487000,,,-4335587114000,,,-4335584741000
09254,1833-01-06,07:59:45,6,112,P,P,-0.7611,1.4491,0.4733,280.2,140.5,0,22,-118,-4322830827000,-4322826636000,,-4322822421000,,-4322818206000,-4322814015000
09255,1833-07-02,00:43:22,6,117,P,P,0.5329,1.9036,0.8572,342.3,196.1,0,-23,-10,-4307566073000,-4307561687000,,-4307555804000,,-4307549921000,-4307545535000
09256,1833-12-26,21:32:54,6,122,T,T-,-0.0951,2.692,1.6749,338.4,217.8,98.3,23,37,-4292198184000,-4292194566000,-4292190981000,-4292188032000,-4292185083000,-4292181498000,-4292177880000
09257,1834-06-21,08:19:45,6,127,T,T-,-0.2583,2.3806,1.3871,335,214.2,85.6,-24,-125,-4276952871000,-4276949247000,-4276945389000,-4276942821000,-4276940253000,-4276936395000,-4276932771000
09258,1834-12-16,04:48:07,6,132,P,P,0.6249,1.7487,0.6746,334.8,178.2,0,24,-73,-4261586363000,-4261581665000,,-4261576319000,,-4261570973000,-4261566275000
09259,1835-05-12,15:28:42,6,99,N,Ne,1.516,0.0489,-0.8969,58.8,0,0,-17,127,-4248838848000,,,-4248837084000,,,-4248835320000
09260,1835-06-10,22:35:53,6,137,P,P,-0.9888,1.0184,0.0681,246.4,56.8,0,-24,21,-4246313245000,-4246307557000,,-4246305853000,,-4246304149000,-4246298461000
09261,1835-12-05,05:20:19,6,142,N,N,1.329,0.4717,-0.6322,206.9,0,0,23,-83,-4230994994000,,,-4230988787000,,,-4230982580000
09262,1836-05-01,08:06:48,5,109,P,P,0.8299,1.3173,0.3528,274,125.2,0,-14,-122,-4218199817000,-4218195353000,,-4218191597000,,-4218187841000,-4218183377000
09263,1836-10-24,13:14:42,5,114,P,P,-0.9472,1.1435,0.0966,283.9,72.5,0,11,158,-4202975240000,-4202968898000,,-4202966723000,,-4202964548000,-4202958206000
09264,1837-04-20,20:40:45,5,119,T,T+,0.1033,2.6772,1.6597,346,222.5,100.2,-12,50,-4187571140000,-4187567435000,-4187563766000,-4187560760000,-4187557754000,-4187554085000,-4187550380000
09265,1837-10-13,23:17:06,5,124,T,T-,-0.1878,2.5074,1.5192,328.6,212.6,92,8,7,-4172354837000,-4172351357000,-4172347739000,-4172344979000,-4172342219000,-4172338601000,-4172335121000
09266,1838-04-10,01:58:48,5,129,P,P,-0.6622,1.6788,0.6076,336.1,173.9,0,-8,-30,-4156966160000,-4156961294000,,-4156956077000,,-4156950860000,-4156945994000
09267,1838-10-03,14:41:28,5,134,P,P,0.5182,1.8849,0.9288,300,182.1,0,4,137,-4141712917000,-4141709380000,,-4141703917000,,-4141698454000,-4141694917000
09268,1839-02-28,08:53:39,5,101,N,Ne,1.5671,0.0232,-1.0576,46.8,0,0,9,-129,-4128938990000,,,-4128937586000,,,-4128936182000
09269,1839-03-30,02:03:05,5,139,N,N,-1.3853,0.3595,-0.7269,181.4,0,0,-5,-30,-4126375662000,,,-4126370220000,,,-4126364778000
09270,1839-08-24,21:52:11,5,106,N,N,-1.3743,0.3281,-0.656,155.5,0,0,-12,33,-4113602739000,,,-4113598074000,,,-4113593409000
09271,1839-09-23,06:57:39,5,144,N,N,1.2311,0.583,-0.3855,197,0,0,1,-107,-4111065656000,,,-4111059746000,,,-4111053836000
09272,1840-02-17,14:02:34,5,111,P,P,0.8074,1.3917,0.3615,297,132.3,0,13,153,-4098342361000,-4098337420000,,-4098333451000,,-4098329482000,-4098324541000
09273,1840-08-13,07:23:08,5,116,P,P,-0.6716,1.6443,0.6074,323.5,170,0,-15,-109,-4082987922000,-4082983317000,,-4082978217000,,-4082973117000,-4082968512000
09274,1841-02-06,02:07:13,5,121,T,T+,0.0812,2.6999,1.7178,324.7,212.4,97.5,16,-28,-4067714113000,-4067710744000,-4067707297000,-4067704372000,-4067701447000,-4067698000000,-4067694631000
09275,1841-08-02,10:00:51,5,126,T,T+,0.0846,2.7381,1.6678,373.8,235,104.6,-18,-149,-4052394368000,-4052390204000,-4052386292000,-4052383154000,-4052380016000,-4052376104000,-4052371940000
09276,1842-01-26,17:44:27,5,131,P,P,-0.5884,1.7634,0.793,295.9,172.1,0,18,97,-4037071415000,-4037067701000,,-4037062538000,,-4037057375000,-4037053661000
09277,1842-07-22,10:47:38,6,136,P,P,0.8383,1.348,0.2917,311.6,126.5,0,-20,-161,-4021804096000,-4021798543000,,-4021794748000,,-4021790953000,-4021785400000
09278,1842-12-17,19:02:29,6,103,N,N,1.5078,0.1082,-0.9253,94.1,0,0,25,74,-4008980680000,,,-4008977857000,,,-4008975034000
09279,1843-01-16,08:14:24,6,141,N,N,-1.2885,0.4955,-0.5083,187.7,0,0,20,-121,-4006430373000,,,-4006424742000,,,-4006419111000
09280,1843-06-12,07:22:16,6,108,N,N,-1.0767,0.8717,-0.1073,240,0,0,-24,-111,-3993734270000,,,-3993727070000,,,-3993719870000
09281,1843-07-11,16:49:54,6,146,N,Nb,1.5468,0.0226,-0.9831,43.3,0,0,-21,108,-3991188711000,,,-3991187412000,,,-3991186113000
09282,1843-12-07,00:11:31,6,113,P,P,0.8785,1.2896,0.2031,308.3,106.6,0,23,-5,-3978382964000,-3978376913000,,-3978373715000,,-3978370517000,-3978364466000
09283,1844-05-31,22:50:43,6,118,T,T,-0.305,2.2706,1.3255,312,202.4,77.1,-22,17,-3963095123000,-3963091835000,-3963088076000,-3963085763000,-3963083450000,-3963079691000,-3963076403000
09284,1844-11-24,23:44:52,6,123,T,T+,0.2026,2.5375,1.4358,375.4,230.2,93.3,21,1,-3947800976000,-3947796620000,-3947792513000,-3947789714000,-3947786915000,-3947782808000,-3947778452000
09285,1845-05-21,15:54:30,6,128,T,T,0.4281,2.0488,1.0957,308.6,193.7,45.3,-20,121,-3932447994000,-3932444547000,-3932440095000,-3932438736000,-3932437377000,-3932432925000,-3932429478000
09286,1845-11-14,00:49:42,6,133,P,P,-0.4924,1.9872,0.9221,344.1,198.9,0,18,-16,-3917210547000,-3917206191000,,-3917200224000,,-3917194257000,-3917189901000
09287,1846-04-11,18:11:36,6,100,N,N,-1.5131,0.0998,-0.9366,92.6,0,0,-10,87,-3904353288000,,,-3904350510000,,,-3904347732000
09288,1846-05-11,05:53:43,6,138,N,N,1.2111,0.6355,-0.3643,214.2,0,0,-17,-89,-3901809209000,,,-3901802783000,,,-3901796357000
09289,1846-10-04,22:21:39,6,105,N,N,1.5077,0.0779,-0.8954,75.7,0,0,6,21,-3889131378000,,,-3889129107000,,,-3889126836000
09290,1846-11-03,08:59:23,6,143,N,N,-1.1618,0.7287,-0.2766,224.5,0,0,14,-139,-3886591978000,,,-3886585243000,,,-3886578508000
09291,1847-03-31,21:27:03,6,110,P,P,-0.8345,1.3684,0.2856,318.2,126.4,0,-5,39,-3873762729000,-3873756975000,,-3873753183000,,-3873749391000,-3873743637000
09292,1847-09-24,14:33:44,7,115,P,P,0.7973,1.3714,0.4181,272.5,132.7,0,1,139,-3858493358000,-3858489164000,,-3858485183000,,-3858481202000,-3858477008000
09293,1848-03-19,21:12:12,7,120,T,T-,-0.1186,2.6823,1.5993,372.5,232.4,101.4,0,44,-3843179650000,-3843175447000,-3843171517000,-3843168475000,-3843165433000,-3843161503000,-3843157300000
09294,1848-09-13,06:19:25,7,125,T,T+,0.0922,2.6776,1.6997,328.8,215.4,98.6,-4,-96,-3827852706000,-3827849304000,-3827845800000,-3827842842000,-3827839884000,-3827836380000,-3827832978000
09295,1849-03-09,00:55:49,7,130,P,P,0.598,1.7804,0.7414,325.6,180.6,0,5,-11,-3812579226000,-3812574876000,,-3812569458000,,-3812564040000,-3812559690000
09296,1849-09-02,17:10:17,7,135,P,P,-0.6806,1.6238,0.5945,317.9,166.6,0,-8,103,-3797227727000,-3797223188000,,-3797218190000,,-3797213192000,-3797208653000
09297,1850-01-28,01:06:06,7,102,N,N,-1.4175,0.2442,-0.7305,130.4,0,0,17,-13,-3784492753000,,,-3784488841000,,,-3784484929000
09298,1850-02-26,11:48:11,7,140,N,N,1.2587,0.542,-0.4453,192.8,0,0,10,-173,-3781950500000,,,-3781944716000,,,-3781938932000
09299,1850-07-24,05:40:16,7,107,N,N,1.3933,0.3371,-0.7337,175.7,0,0,-19,-84,-3769184862000,,,-3769179591000,,,-3769174320000
09300,1850-08-22,20:54:59,7,145,N,N,-1.4679,0.1997,-0.8704,136.1,0,0,-13,47,-3766623191000,,,-3766619108000,,,-3766615025000
09301,1851-01-17,16:50:47,7,112,P,P,-0.766,1.4406,0.4642,280,139.5,0,20,110,-3753854960000,-3753850745000,,-3753846560000,,-3753842375000,-3753838160000
09302,1851-07-13,07:21:41,7,117,P,P,0.6154,1.7508,0.7069,333.6,182.3,0,-21,-109,-3738597914000,-3738593375000,,-3738587906000,,-3738582437000,-3738577898000
09303,1852-01-07,06:10:44,7,122,T,T-,-0.0991,2.6863,1.6663,339.6,218.2,98.3,22,-91,-3723223151000,-3723219509000,-3723215912000,-3723212963000,-3723210014000,-3723206417000,-3723202775000
09304,1852-07-01,15:26:13,7,127,T,T-,-0.1799,2.5227,1.533,335.9,217.4,94.6,-23,129,-3707983311000,-3707979756000,-3707976072000,-3707973234000,-3707970396000,-3707966712000,-3707963157000
09305,1852-12-26,13:03:06,7,132,P,P,0.6203,1.7588,0.6815,336.5,179.3,0,24,164,-3692612716000,-3692608000000,,-3692602621000,,-3692597242000,-3692592526000
09306,1853-06-21,06:01:48,7,137,P,P,-0.9146,1.1535,0.2056,257.8,96.7,0,-24,-90,-3677342833000,-3677338000000,,-3677335099000,,-3677332198000,-3677327365000
09307,1853-12-15,13:18:43,7,142,N,N,1.3186,0.4917,-0.6138,211,0,0,24,159,-3662022414000,,,-3662016084000,,,-3662009754000
09308,1854-05-12,15:46:09,7,109,P,P,0.8919,1.2035,0.2389,266,105,0,-17,123,-3649228018000,-3649223188000,,-3649220038000,,-3649216888000,-3649212058000
09309,1854-11-04,21:12:48,7,114,P,P,-0.9707,1.1004,0.0537,278.9,54.3,0,15,38,-3634002406000,-3633995668000,,-3633994039000,,-3633992410000,-3633985672000
09310,1855-05-02,04:05:23,7,119,T,T+,0.1625,2.569,1.5509,346.1,221.5,96.5,-15,-62,-3618600467000,-3618596729000,-3618592979000,-3618590084000,-3618587189000,-3618583439000,-3618579701000
09311,1855-10-25,07:29:40,7,124,T,T-,-0.2177,2.4527,1.4643,327,210.8,88.7,12,-116,-3603381237000,-3603377751000,-3603374088000,-3603371427000,-3603368766000,-3603365103000,-3603361617000
09312,1856-04-20,09:06:46,7,129,P,P,-0.6068,1.7799,0.7098,342.3,185.1,0,-12,-137,-3587996670000,-3587991954000,,-3587986401000,,-3587980848000,-3587976132000
09313,1856-10-13,22:54:33,7,134,P,P,0.4809,1.9545,0.996,302.7,186.2,0,9,13,-3572739415000,-3572735920000,,-3572730334000,,-3572724748000,-3572721253000
09314,1857-04-09,09:13:19,7,139,N,N,-1.3347,0.4503,-0.6318,201,0,0,-9,-138,-3557406438000,,,-3557400408000,,,-3557394378000
09315,1857-09-04,05:22:14,7,106,N,N,-1.4376,0.2148,-0.7748,127.6,0,0,-8,-80,-3544630901000,,,-3544627073000,,,-3544623245000
09316,1857-10-03,14:56:57,7,144,N,N,1.1914,0.6585,-0.315,208.4,0,0,5,132,-3542093242000,,,-3542086990000,,,-3542080738000
09317,1858-02-27,22:14:20,7,111,P,P,0.8252,1.3561,0.3316,293,126.9,0,9,30,-3529368737000,-3529363754000,,-3529359947000,,-3529356140000,-3529351157000
09318,1858-08-24,14:20:46,7,116,P,P,-0.7446,1.513,0.4707,316.7,153.4,0,-12,146,-3514018662000,-3514013763000,,-3514009161000,,-3514004559000,-3513999660000
09319,1859-02-17,10:43:28,7,121,T,T+,0.095,2.6727,1.6944,323.6,211.9,96.9,12,-157,-3498739107000,-3498735756000,-3498732306000,-3498729399000,-3498726492000,-3498723042000,-3498719691000
09320,1859-08-13,16:34:26,7,126,T,T+,0.0038,2.8877,1.8148,374.9,236,106.5,-15,113,-3483426788000,-3483422621000,-3483418736000,-3483415541000,-3483412346000,-3483408461000,-3483404294000
09321,1860-02-07,02:29:45,8,131,P,P,-0.579,1.7801,0.8106,296.8,173.7,0,15,-34,-3468095927000,-3468092234000,,-3468087023000,,-3468081812000,-3468078119000
09322,1860-08-01,17:25:03,8,136,P,P,0.7551,1.5003,0.445,322.2,152.3,0,-17,100,-3452836571000,-3452831474000,,-3452826905000,,-3452822336000,-3452817239000
09323,1860-12-28,03:33:54,8,103,N,N,1.5159,0.095,-0.9419,88.7,0,0,25,-53,-3440005835000,,,-3440003174000,,,-3440000513000
09324,1861-01-26,16:54:03,8,141,N,N,-1.2864,0.5002,-0.5052,189,0,0,17,109,-3437455235000,,,-3437449565000,,,-3437443895000
09325,1861-06-22,14:35:14,8,108,N,N,-1.1476,0.7397,-0.2355,223.2,0,0,-25,142,-3424763790000,,,-3424757094000,,,-3424750398000
09326,1861-07-21,23:50:38,8,146,N,N,1.4659,0.1695,-0.8334,116.6,0,0,-19,3,-3422221668000,,,-3422218170000,,,-3422214672000
09327,1861-12-17,08:18:43,8,113,P,P,0.888,1.2738,0.184,307.8,101.9,0,24,-125,-3409409719000,-3409403542000,,-3409400485000,,-3409397428000,-3409391251000
09328,1862-06-12,06:21:03,8,118,T,T,-0.3763,2.1387,1.1957,308.2,197.2,62.4,-24,-95,-3394123991000,-3394120661000,-3394116617000,-3394114745000,-3394112873000,-3394108829000,-3394105499000
09329,1862-12-06,07:40:21,7,123,T,T+,0.2157,2.5141,1.4112,374.9,229.3,91.5,23,-117,-3378828433000,-3378824065000,-3378819931000,-3378817186000,-3378814441000,-3378810307000,-3378805939000
09330,1863-06-01,23:26:14,7,128,T,T,0.3605,2.1729,1.2195,312.9,199.9,66.1,-22,8,-3363477020000,-3363473630000,-3363469616000,-3363467633000,-3363465650000,-3363461636000,-3363458246000
09331,1863-11-25,08:56:11,7,133,P,P,-0.476,2.017,0.9525,344.4,200.4,0,20,-137,-3348237368000,-3348233048000,,-3348227036000,,-3348221024000,-3348216704000
09332,1864-05-21,13:12:02,6,138,N,N,1.1502,0.748,-0.2531,230.6,0,0,-19,161,-3332839402000,,,-3332832484000,,,-3332825566000
09333,1864-10-15,06:30:47,6,105,N,N,1.5379,0.0228,-0.9512,41.1,0,0,10,-102,-3320156992000,,,-3320155759000,,,-3320154526000
09334,1864-11-13,17:21:25,6,143,N,N,-1.1402,0.7683,-0.2367,228.9,0,0,17,96,-3317617988000,,,-3317611121000,,,-3317604254000
09335,1865-04-11,04:38:10,6,110,P,P,-0.8856,1.2736,0.1929,310.4,105.4,0,-9,-69,-3304792628000,-3304786478000,,-3304783316000,,-3304780154000,-3304774004000
09336,1865-10-04,22:40:01,5,115,P,P,0.8386,1.2973,0.3408,267.6,121.2,0,5,17,-3289520032000,-3289515640000,,-3289512004000,,-3289508368000,-3289503976000
09337,1866-03-31,04:33:35,5,120,T,T-,-0.1614,2.6011,1.5232,370.4,230.7,98.2,-4,-67,-3274209102000,-3274204911000,-3274200936000,-3274197990000,-3274195044000,-3274191069000,-3274186878000
09338,1866-09-24,14:07:14,4,125,T,T+,0.1412,2.5904,1.6071,329.4,214.6,96,1,146,-3258880652000,-3258877208000,-3258873650000,-3258870770000,-3258867890000,-3258864332000,-3258860888000
09339,1867-03-20,08:49:01,4,130,P,P,0.5656,1.8366,0.8038,326.8,185.5,0,1,-130,-3243606867000,-3243602628000,,-3243597063000,,-3243591498000,-3243587259000
09340,1867-09-14,00:26:27,3,135,P,P,-0.6239,1.7309,0.6956,325.5,177.8,0,-4,-7,-3228257781000,-3228253350000,,-3228248016000,,-3228242682000,-3228238251000
09341,1868-02-08,09:49:41,3,102,N,N,-1.4252,0.2288,-0.7433,126.2,0,0,14,-144,-3215517208000,,,-3215513422000,,,-3215509636000
09342,1868-03-08,20:09:48,3,140,N,N,1.2339,0.585,-0.3975,198.9,0,0,6,61,-3212976582000,,,-3212970615000,,,-3212964648000
09343,1868-08-03,12:09:13,2,107,N,N,1.474,0.1894,-0.8825,133.5,0,0,-16,179,-3200216254000,,,-3200212249000,,,-3200208244000
09344,1868-09-02,03:41:27,2,145,N,N,-1.4012,0.3242,-0.7499,171.9,0,0,-9,-55,-3197655872000,,,-3197650715000,,,-3197645558000
09345,1869-01-28,01:38:27,2,112,P,P,-0.7733,1.4272,0.4507,279.5,137.9,0,17,-21,-3184879280000,-3184875032000,,-3184870895000,,-3184866758000,-3184862510000
09346,1869-07-23,14:02:45,1,117,P,P,0.6961,1.6017,0.5599,323.8,165.8,0,-19,151,-3169629550000,-3169624810000,,-3169619836000,,-3169614862000,-3169610122000
09347,1870-01-17,14:46:33,1,122,T,T-,-0.1037,2.6789,1.6566,340.7,218.7,98.2,21,141,-3154248229000,-3154244569000,-3154240954000,-3154238008000,-3154235062000,-3154231447000,-3154227787000
09348,1870-07-12,22:34:23,0,127,T,T-,-0.1023,2.6636,1.6769,336,219.1,99.7,-22,23,-3139013617000,-3139010110000,-3139006528000,-3139003537000,-3139000546000,-3138996964000,-3138993457000
09424,1902-04-22,18:52:40,0,120,T,T-,-0.268,2.4002,1.3327,364.3,224.6,84.6,-12,76,-2136269369000,-2136265178000,-2136260978000,-2136258440000,-2136255902000,-2136251702000,-2136247511000
09425,1902-10-17,06:03:26,1,125,T,T+,0.2201,2.4514,1.4566,330.4,212.3,88.8,9,-95,-2120935307000,-2120931764000,-2120928059000,-2120925395000,-2120922731000,-2120919026000,-2120915483000
09426,1903-04-12,00:12:59,2,130,P,P,0.4798,1.9877,0.9677,330.1,196.5,0,-8,-3,-2105663526000,-2105659518000,,-2105653623000,,-2105647728000,-2105643720000
09427,1903-10-06,15:17:33,2,135,P,P,-0.528,1.9133,0.8654,337.5,193.7,0,4,128,-2090316674000,-2090312360000,,-2090306549000,,-2090300738000,-2090296424000
09428,1904-03-02,03:02:34,3,102,N,N,-1.4528,0.1748,-0.791,110.5,0,0,6,-43,-2077566764000,,,-2077563449000,,,-2077560134000
09429,1904-03-31,12:32:28,3,140,N,N,1.1665,0.7036,-0.2688,214.2,0,0,-3,173,-2075030081000,,,-2075023655000,,,-2075017229000
09430,1904-09-24,17:34:44,3,145,N,N,-1.2837,0.544,-0.5384,219.1,0,0,-1,95,-2059719292000,,,-2059712719000,,,-2059706146000
09431,1905-02-19,19:00:02,4,112,P,P,-0.7984,1.3809,0.4049,277.2,132.1,0,11,78,-2046928718000,-2046924365000,,-2046920402000,,-2046916439000,-2046912086000
09432,1905-08-15,03:40:59,5,117,P,P,0.8456,1.3259,0.2871,302.3,123.1,0,-14,-54,-2031691815000,-2031686439000,,-2031682746000,,-2031679053000,-2031673677000
09433,1906-02-09,07:46:58,5,122,T,T-,-0.1199,2.6507,1.6254,342.8,219.4,97.8,15,-113,-2016299071000,-2016295369000,-2016291721000,-2016288787000,-2016285853000,-2016282205000,-2016278503000
09434,1906-08-04,13:00:10,6,127,T,T+,0.0477,2.7615,1.7793,333.9,218.7,101.2,-17,166,-2001073613000,-2001070157000,-2001066632000,-2001063596000,-2001060560000,-2001057035000,-2001053579000
09435,1907-01-29,13:38:00,6,132,P,P,0.6027,1.7936,0.711,341.1,183.5,0,19,159,-1985692359000,-1985687631000,,-1985682126000,,-1985676621000,-1985671893000
09436,1907-07-25,04:22:27,7,137,P,P,-0.6924,1.5595,0.6149,284.5,156.8,0,-21,-64,-1970431195000,-1970427364000,,-1970422660000,,-1970417956000,-1970414125000
09437,1908-01-18,13:21:36,8,142,N,N,1.2939,0.537,-0.5685,219.5,0,0,22,162,-1955104097000,,,-1955097512000,,,-1955090927000
09438,1908-06-14,14:06:32,8,109,N,N,1.1053,0.8135,-0.1541,229.9,0,0,-22,149,-1942314513000,,,-1942307616000,,,-1942300719000
09439,1908-07-13,21:33:55,8,147,N,N,-1.4185,0.2292,-0.7195,126.3,0,0,-23,38,-1939778962000,,,-1939775173000,,,-1939771384000
09441,1909-06-04,01:28:51,10,119,T,T,0.3755,2.18,1.158,341.6,210.2,60.4,-22,-23,-1911691327000,-1911687385000,-1911682891000,-1911681079000,-1911679267000,-1911674773000,-1911670831000
09442,1909-11-27,08:54:41,10,124,T,T-,-0.2712,2.3544,1.366,322.8,206.5,81.2,21,-137,-1896457613000,-1896454124000,-1896450365000,-1896447929000,-1896445493000,-1896441734000,-1896438245000
09443,1910-05-24,05:34:16,11,129,T,T,-0.3975,2.1625,1.095,360.3,215.4,49.5,-21,-85,-1881091564000,-1881087217000,-1881082240000,-1881080755000,-1881079270000,-1881074293000,-1881069946000
09444,1910-11-17,00:20:52,12,134,T,T,0.4089,2.0905,1.1246,307.7,193,50.6,19,-9,-1865815991000,-1865812550000,-1865808278000,-1865806760000,-1865805242000,-1865800970000,-1865797529000
09445,1911-05-13,05:56:24,12,139,N,N,-1.1413,0.7987,-0.2706,257,0,0,-19,-90,-1850501538000,,,-1850493828000,,,-1850486118000
09446,1911-11-06,15:36:45,13,144,N,N,1.11,0.8154,-0.1733,230.6,0,0,17,121,-1835173126000,,,-1835166208000,,,-1835159290000
09447,1912-04-01,22:14:16,13,111,P,P,0.9116,1.1884,0.182,275.8,95.2,0,-4,28,-1822449831000,-1822444413000,,-1822441557000,,-1822438701000,-1822433283000
09448,1912-09-26,11:44:50,14,116,P,P,-0.932,1.1779,0.1183,293.9,81.7,0,0,-178,-1807108941000,-1807102575000,,-1807100124000,,-1807097673000,-1807091307000
09449,1913-03-22,11:57:49,15,121,T,T+,0.1671,2.534,1.5683,319.7,209.4,92.8,0,-178,-1791816137000,-1791812828000,-1791809330000,-1791806546000,-1791803762000,-1791800264000,-1791796955000
09450,1913-09-15,12:48:19,15,126,T,T-,-0.2109,2.5122,1.4304,373,230.5,93.5,-3,167,-1776521906000,-1776517631000,-1776513521000,-1776510716000,-1776507911000,-1776503801000,-1776499526000
09451,1914-03-12,04:13:08,16,131,P,P,-0.5254,1.8764,0.9111,301.5,181.5,0,3,-61,-1761171473000,-1761167873000,,-1761162428000,,-1761156983000,-1761153383000
09452,1914-09-04,13:54:57,17,136,P,P,0.5301,1.9127,0.8585,343.2,196,0,-7,151,-1745931416000,-1745927000000,,-1745921120000,,-1745915240000,-1745910824000
09453,1915-01-31,04:57:42,17,103,N,N,1.545,0.0451,-0.9989,62,0,0,19,-70,-1733081615000,,,-1733079755000,,,-1733077895000
09454,1915-03-01,18:19:32,17,141,N,N,-1.2573,0.5548,-0.4528,199.8,0,0,7,88,-1730532039000,,,-1730526045000,,,-1730520051000
09455,1915-07-26,12:24:39,18,108,N,N,-1.3553,0.3545,-0.6129,158.7,0,0,-21,176,-1717851300000,,,-1717846539000,,,-1717841778000
09456,1915-08-24,21:27:17,18,146,N,N,1.2435,0.575,-0.4226,204.4,0,0,-10,38,-1715314513000,,,-1715308381000,,,-1715302249000
09457,1916-01-20,08:39:41,18,113,P,P,0.9146,1.2277,0.1327,305.7,87.7,0,21,-127,-1702490008000,-1702483468000,,-1702480837000,,-1702478206000,-1702471666000
09458,1916-07-15,04:46:07,19,118,P,P,-0.5956,1.7351,0.7944,292.4,172.5,0,-22,-70,-1687210824000,-1687207227000,,-1687202052000,,-1687196877000,-1687193280000
09459,1917-01-08,07:44:48,19,123,T,T+,0.2415,2.4663,1.3642,373.1,227.3,87.6,23,-114,-1671909724000,-1671905350000,-1671901159000,-1671898531000,-1671895903000,-1671891712000,-1671887338000
09460,1917-07-04,21:39:04,20,128,T,T+,0.1419,2.5762,1.6185,322.9,212.8,96,-23,36,-1656565363000,-1656562060000,-1656558556000,-1656555676000,-1656552796000,-1656549292000,-1656545989000
09461,1917-12-28,09:46:32,20,133,T,T,-0.4484,2.0652,1.0056,343,202.3,12,23,-146,-1641315918000,-1641311697000,-1641305988000,-1641305628000,-1641305268000,-1641299559000,-1641295338000
09462,1918-06-24,10:28:03,20,138,P,P,0.9397,1.1376,0.1297,276.3,82.4,0,-23,-157,-1625932226000,-1625926409000,,-1625923937000,,-1625921465000,-1625915648000
09463,1918-12-17,19:06:01,21,143,N,N,-1.1035,0.834,-0.1679,234.9,0,0,22,73,-1610693507000,,,-1610686460000,,,-1610679413000
09464,1919-05-15,01:14:00,21,110,N,N,-1.082,0.9103,-0.1644,273.1,0,0,-20,-20,-1597885374000,,,-1597877181000,,,-1597868988000
09465,1919-11-07,23:44:28,21,115,P,P,0.9246,1.1445,0.178,256.7,89.8,0,17,0,-1582597454000,-1582592447000,,-1582589753000,,-1582587059000,-1582582052000
09466,1920-05-03,01:51:08,21,120,T,T,-0.3312,2.2818,1.2194,360.1,219.7,71.5,-16,-29,-1567300156000,-1567295944000,-1567291498000,-1567289353000,-1567287208000,-1567282762000,-1567278550000
09467,1920-10-27,14:11:38,22,125,T,T+,0.2502,2.3992,1.3987,330.9,211.1,85,13,143,-1551962051000,-1551958457000,-1551954674000,-1551952124000,-1551949574000,-1551945791000,-1551942197000
09468,1921-04-22,07:44:39,22,130,T,T,0.4269,2.0816,1.0678,331.9,202,40.1,-12,-116,-1536692500000,-1536688603000,-1536683746000,-1536682543000,-1536681340000,-1536676483000,-1536672586000
09469,1921-10-16,22:53:59,22,135,P,P,-0.4902,1.9858,0.9317,342.1,199.1,0,9,13,-1521345446000,-1521341156000,,-1521335183000,,-1521329210000,-1521324920000
09470,1922-03-13,11:28:48,23,102,N,N,-1.4752,0.132,-0.8304,96.3,0,0,2,-170,-1508591984000,,,-1508589095000,,,-1508586206000
09471,1922-04-11,20:32:12,23,140,N,N,1.1228,0.7812,-0.1863,223.2,0,0,-7,53,-1506057587000,,,-1506050891000,,,-1506044195000
09472,1922-10-06,00:43:50,23,145,N,N,-1.2348,0.6358,-0.4508,235.2,0,0,4,-13,-1490750049000,,,-1490742993000,,,-1490735937000
09473,1923-03-03,03:32:09,23,112,P,P,-0.8175,1.3453,0.3701,275.2,127.1,0,6,-50,-1477953950000,-1477949507000,,-1477945694000,,-1477941881000,-1477937438000
09474,1923-08-26,10:39:52,23,117,P,P,0.9133,1.2013,0.1634,290.8,94.2,0,-10,-160,-1462722355000,-1462716457000,,-1462713631000,,-1462710805000,-1462704907000
09475,1924-02-20,16:08:55,24,122,T,T-,-0.1338,2.6256,1.5995,343.6,219.7,97.1,11,121,-1447324997000,-1447321280000,-1447317602000,-1447314689000,-1447311776000,-1447308098000,-1447304381000
09476,1924-08-14,20:20:30,24,127,T,T+,0.1175,2.6326,1.6519,332,216.9,98.2,-14,56,-1432103154000,-1432099701000,-1432096140000,-1432093194000,-1432090248000,-1432086687000,-1432083234000
09477,1925-02-08,21:42:22,24,132,P,P,0.5921,1.8134,0.7304,342.9,185.7,0,15,38,-1416719369000,-1416714653000,,-1416709082000,,-1416703511000,-1416698795000
09478,1925-08-04,11:52:57,24,137,P,P,-0.6208,1.6909,0.7463,291.2,168.9,0,-18,-177,-1401460383000,-1401456714000,,-1401451647000,,-1401446580000,-1401442911000
09479,1926-01-28,21:20:24,24,142,N,N,1.2836,0.5551,-0.5488,222.6,0,0,19,43,-1386131478000,,,-1386124800000,,,-1386118122000
09480,1926-06-25,21:25:07,24,109,N,N,1.1814,0.6749,-0.2948,213.1,0,0,-22,40,-1373343710000,,,-1373337317000,,,-1373330924000
09481,1926-07-25,05:00:12,24,147,N,N,-1.3511,0.3542,-0.597,155.5,0,0,-21,-73,-1370809077000,,,-1370804412000,,,-1370799747000
09483,1927-06-15,08:24:41,24,119,T,T,0.4543,2.0365,1.0123,338.1,202.8,17.7,-23,-126,-1342722286000,-1342718227000,-1342712674000,-1342712143000,-1342711612000,-1342706059000,-1342702000000
09484,1927-12-08,17:35:10,24,124,T,T,-0.2796,2.3389,1.351,321.8,205.6,79.8,22,94,-1327482368000,-1327478882000,-1327475108000,-1327472714000,-1327470320000,-1327466546000,-1327463060000
09485,1928-06-03,12:09:57,24,129,T,T,-0.3175,2.3092,1.2421,365.2,223,75.3,-23,177,-1312123983000,-1312119717000,-1312115286000,-1312113027000,-1312110768000,-1312106337000,-1312102071000
09486,1928-11-27,09:01:47,24,134,T,T,0.3952,2.1166,1.1486,308.7,194.2,54.8,22,-139,-1296840778000,-1296837343000,-1296833161000,-1296831517000,-1296829873000,-1296825691000,-1296822256000
09487,1929-05-23,12:37:45,24,139,N,N,-1.065,0.9367,-0.1287,273.7,0,0,-21,169,-1281533970000,,,-1281525759000,,,-1281517548000
09488,1929-11-17,00:03:13,24,144,N,N,1.0947,0.846,-0.1474,235,0,0,20,-5,-1266198881000,,,-1266191831000,,,-1266184781000
09489,1930-04-13,05:58:54,24,111,P,P,0.9545,1.1066,0.1064,267.3,73.4,0,-8,-89,-1253477709000,-1253471892000,,-1253469690000,,-1253467488000,-1253461671000
09490,1930-10-07,19:07:10,24,116,P,P,-0.9811,1.0906,0.0252,286.6,38.3,0,5,71,-1238138192000,-1238130743000,,-1238129594000,,-1238128445000,-1238120996000
09491,1931-04-02,20:07:55,24,121,T,T+,0.2043,2.4637,1.5021,317.9,207.8,89.6,-5,59,-1222842686000,-1222839383000,-1222835837000,-1222833149000,-1222830461000,-1222826915000,-1222823612000
09492,1931-09-26,19:48:29,24,126,T,T-,-0.2698,2.4058,1.3208,371.2,226.9,84.2,1,61,-1207552651000,-1207548322000,-1207544041000,-1207541515000,-1207538989000,-1207534708000,-1207530379000
09493,1932-03-22,12:32:39,24,131,P,P,-0.4956,1.9303,0.9666,303.8,185.3,0,-1,173,-1192197579000,-1192194024000,,-1192188465000,,-1192182906000,-1192179351000
09494,1932-09-14,21:01:00,24,136,P,P,0.4664,2.0296,0.9752,347.2,204,0,-3,43,-1176961980000,-1176957684000,,-1176951564000,,-1176945444000,-1176941148000
09495,1933-02-10,13:17:33,24,103,N,N,1.56,0.0182,-1.027,39.6,0,0,16,165,-1164106959000,,,-1164105771000,,,-1164104583000
09496,1933-03-12,02:33:03,24,141,N,N,-1.2369,0.5923,-0.4154,206.3,0,0,2,-36,-1161558630000,,,-1161552441000,,,-1161546252000
09497,1933-08-05,19:46:05,24,108,N,N,-1.4216,0.2322,-0.7338,129.5,0,0,-18,66,-1148879944000,,,-1148876059000,,,-1148872174000
09498,1933-09-04,04:52:20,24,146,N,N,1.1776,0.6955,-0.3013,221.4,0,0,-6,-74,-1146344326000,,,-1146337684000,,,-1146331042000
09499,1934-01-30,16:42:42,24,113,P,P,0.9258,1.2073,0.112,304.3,80.9,0,18,113,-1133516991000,-1133510289000,,-1133507862000,,-1133505435000,-1133498733000
09500,1934-07-26,12:15:38,24,118,P,P,-0.6681,1.6025,0.6612,285.7,160.8,0,-20,178,-1118239657000,-1118235910000,,-1118231086000,,-1118226262000,-1118222515000
09501,1935-01-19,15:47:35,24,123,T,T+,0.2498,2.4502,1.3499,372.1,226.7,86.3,21,126,-1102936732000,-1102932370000,-1102928158000,-1102925569000,-1102922980000,-1102918768000,-1102914406000
09502,1935-07-16,05:00:05,24,128,T,T+,0.0672,2.7146,1.7542,325,214.8,99.6,-21,-73,-1087594969000,-1087591663000,-1087588207000,-1087585219000,-1087582231000,-1087578775000,-1087575469000
09503,1936-01-08,18:09:58,24,133,T,T,-0.4428,2.074,1.0173,342.1,202.5,20.8,22,89,-1072341689000,-1072337501000,-1072332050000,-1072331426000,-1072330802000,-1072325351000,-1072321163000
09504,1936-07-04,17:25:23,24,138,P,P,0.8642,1.2778,0.2668,289.5,116.3,0,-22,100,-1056963586000,-1056958390000,,-1056954901000,,-1056951412000,-1056946216000
09505,1936-12-28,03:49:09,24,143,N,N,-1.097,0.8451,-0.155,235.5,0,0,22,-57,-1041718140000,,,-1041711075000,,,-1041704010000
09506,1937-05-25,07:51:34,24,110,N,N,-1.1581,0.7697,-0.3033,254.7,0,0,-22,-119,-1028916971000,,,-1028909330000,,,-1028901689000
09507,1937-11-18,08:19:26,24,115,P,P,0.9421,1.1141,0.1443,254.5,81.3,0,20,-129,-1013622493000,-1013617297000,,-1013614858000,,-1013612419000,-1013607223000
09508,1938-05-14,08:44:00,24,120,T,T,-0.3994,2.154,1.0966,354.9,213.1,49.4,-19,-132,-998331231000,-998326977000,-998322066000,-998320584000,-998319102000,-998314191000,-998309937000
09509,1938-11-07,22:26:42,24,125,T,T,0.2738,2.3585,1.3525,331.5,210.2,81.4,17,19,-982988367000,-982984728000,-982980864000,-982978422000,-982975980000,-982972116000,-982968477000
09510,1939-05-03,15:11:43,24,130,T,T,0.3693,2.1842,1.1765,333.5,207.1,62.4,-15,131,-967721726000,-967717934000,-967713593000,-967711721000,-967709849000,-967705508000,-967701716000
09511,1939-10-28,06:36:43,24,135,P,P,-0.4581,2.0477,0.9877,346.1,203.4,0,12,-103,-952373804000,-952369523000,,-952363421000,,-952357319000,-952353038000
09512,1940-03-23,19:48:19,24,102,N,N,-1.5033,0.0788,-0.8803,74.6,0,0,-3,64,-939617363000,,,-939615125000,,,-939612887000
09513,1940-04-22,04:26:25,25,140,N,N,1.0741,0.8683,-0.0945,232.5,0,0,-11,-67,-937085415000,,,-937078440000,,,-937071465000
09514,1940-10-16,08:01:17,25,145,N,N,-1.1924,0.7156,-0.3749,248,0,0,8,-124,-921780188000,,,-921772748000,,,-921765308000
09515,1941-03-13,11:55:47,25,112,P,P,-0.8436,1.297,0.3226,272.2,119.8,0,2,-177,-908979644000,-908975072000,,-908971478000,,-908967884000,-908963312000
09516,1941-09-05,17:47:15,25,117,P,P,0.9746,1.0884,0.0511,279.3,53.4,0,-6,93,-893752369000,-893745592000,,-893743990000,,-893742388000,-893735611000
09517,1942-03-03,00:21:54,25,122,T,T-,-0.1545,2.5879,1.5612,344.3,219.7,95.9,7,-2,-878351440000,-878347702000,-878343988000,-878341111000,-878338234000,-878334520000,-878330782000
09518,1942-08-26,03:48:25,26,127,T,T+,0.1818,2.5142,1.5344,329.5,214.2,93.4,-10,-57,-863132206000,-863128747000,-863125123000,-863122321000,-863119519000,-863115895000,-863112436000
09519,1943-02-20,05:38:23,26,132,P,P,0.5751,1.8444,0.7616,345.1,189,0,12,-81,-847746876000,-847742193000,,-847736523000,,-847730853000,-847726170000
09520,1943-08-15,19:28:46,26,137,P,P,-0.5533,1.8152,0.8697,296.7,178.4,0,-15,69,-832489201000,-832485652000,,-832480300000,,-832474948000,-832471399000
09521,1944-02-09,05:14:57,26,142,N,N,1.2698,0.5792,-0.5223,226.7,0,0,16,-75,-817159130000,,,-817152329000,,,-817145528000
09522,1944-07-06,04:40:01,27,109,N,N,1.2596,0.5328,-0.4398,192.7,0,0,-21,-69,-804373007000,,,-804367226000,,,-804361445000
09523,1944-08-04,12:26:51,27,147,N,N,-1.2842,0.4785,-0.4758,179.1,0,0,-18,175,-801838989000,,,-801833616000,,,-801828243000
09525,1945-06-25,15:14:22,27,119,P,P,0.537,1.8862,0.8593,333.3,192.7,0,-23,132,-773753564000,-773749346000,,-773743565000,,-773737784000,-773733566000
09526,1945-12-19,02:20:47,27,124,T,T,-0.2845,2.3293,1.3424,320.9,204.9,78.9,23,-36,-758506807000,-758503327000,-758499547000,-758497180000,-758494813000,-758491033000,-758487553000
09527,1946-06-14,18:39:17,28,129,T,T-,-0.2324,2.4654,1.3983,369.2,229,91.1,-23,80,-743156747000,-743152541000,-743148404000,-743145671000,-743142938000,-743138801000,-743134595000
09528,1946-12-08,17:48:28,28,134,T,T,0.3864,2.1337,1.1639,309.5,194.9,57.3,23,91,-727865205000,-727861767000,-727857639000,-727855920000,-727854201000,-727850073000,-727846635000
09529,1947-06-03,19:15:44,28,139,P,P,-0.9849,1.0818,0.0202,288.9,34.7,0,-23,70,-712566551000,-712558925000,,-712557884000,,-712556843000,-712549217000
09530,1947-11-28,08:34:29,28,144,N,N,1.0838,0.8683,-0.1297,238.3,0,0,22,-132,-697224308000,,,-697217159000,,,-697210010000
09531,1948-04-23,13:39:18,28,111,P,P,1.0016,1.0171,0.0229,257.6,34.3,0,-12,155,-684505798000,-684499099000,,-684498070000,,-684497041000,-684490342000
09533,1949-04-13,04:11:25,29,121,T,T+,0.2474,2.3825,1.4251,315.8,205.7,84.9,-9,-62,-653869618000,-653866315000,-653862691000,-653860144000,-653857597000,-653853973000,-653850670000
09534,1949-10-07,02:56:55,29,126,T,T,-0.3219,2.3118,1.2236,369.2,222.9,72.8,5,-47,-638582890000,-638578501000,-638573998000,-638571814000,-638569630000,-638565127000,-638560738000
09535,1950-04-02,20:44:34,29,131,T,T,-0.4598,1.9951,1.0329,306.5,189.6,26.9,-5,50,-623224150000,-623220643000,-623215762000,-623214955000,-623214148000,-623209267000,-623205760000
09536,1950-09-26,04:17:11,29,136,T,T,0.4101,2.1331,1.0783,350.1,209.8,44.3,1,-66,-607991901000,-607987692000,-607982727000,-607981398000,-607980069000,-607975104000,-607970895000
09537,1951-03-23,10:37:33,30,141,N,N,-1.2099,0.6418,-0.3661,214.3,0,0,-2,-158,-592585806000,,,-592579377000,,,-592572948000
09538,1951-08-17,03:14:39,30,108,N,N,-1.4828,0.1195,-0.8456,93.6,0,0,-15,-47,-579907959000,,,-579905151000,,,-579902343000
09539,1951-09-15,12:27:06,30,146,N,N,1.1186,0.8034,-0.1928,234.6,0,0,-2,172,-577373442000,,,-577366404000,,,-577359366000
09540,1952-02-11,00:39:48,30,113,P,P,0.9416,1.1781,0.0832,301.9,70.1,0,15,-6,-564544299000,-564537345000,,-564535242000,,-564533139000,-564526185000
09541,1952-08-05,19:47:55,30,118,P,P,-0.7383,1.4741,0.5317,278.4,147.2,0,-18,65,-549268307000,-549264371000,,-549259955000,,-549255539000,-549251603000
09542,1953-01-29,23:47:49,30,123,T,T+,0.2606,2.4291,1.3314,371,225.8,84.5,18,7,-533963891000,-533959535000,-533955296000,-533952761000,-533950226000,-533945987000,-533941631000
09543,1953-07-26,12:21:10,30,128,T,T-,-0.0071,2.8265,1.8628,326.5,215.7,100.7,-19,176,-518624555000,-518621231000,-518617781000,-518614760000,-518611739000,-518608289000,-518604965000
09544,1954-01-19,02:32:21,31,133,T,T,-0.4357,2.0853,1.0322,341.2,202.9,28.2,20,-35,-503367526000,-503363377000,-503358136000,-503357290000,-503356444000,-503351203000,-503347054000
09545,1954-07-16,00:20:51,31,138,P,P,0.7876,1.4202,0.4054,301.6,140.9,0,-21,-4,-487995028000,-487990207000,,-487985980000,,-487981753000,-487976932000
09546,1955-01-08,12:33:20,31,143,N,N,-1.0906,0.8555,-0.1421,236,0,0,21,173,-472742711000,,,-472735631000,,,-472728551000
09547,1955-06-05,14:23:23,31,110,N,N,-1.2383,0.6218,-0.4498,232.3,0,0,-24,144,-459948797000,,,-459941828000,,,-459934859000
09548,1955-11-29,17:00:00,31,115,P,P,0.9551,1.0917,0.119,253,74.2,0,22,102,-444647221000,-444641857000,,-444639631000,,-444637405000,-444632041000
09549,1956-05-24,15:31:52,32,120,P,P,-0.4726,2.0174,0.9647,348.5,204.5,0,-21,126,-429362575000,-429358255000,,-429352120000,,-429345985000,-429341665000
09550,1956-11-18,06:48:16,32,125,T,T,0.2917,2.3285,1.3172,332.2,209.5,78.4,20,-106,-414014302000,-414010621000,-414006688000,-414004336000,-414001984000,-413998051000,-413994370000
09551,1957-05-13,22:31:28,32,130,T,T,0.3045,2.3001,1.2982,335,211.6,77.6,-18,21,-398751394000,-398747692000,-398743672000,-398741344000,-398739016000,-398734996000,-398731294000
09552,1957-11-07,14:27:30,32,135,T,T,-0.4332,2.0963,1.0305,349.3,206.5,27.9,16,139,-383401661000,-383397377000,-383392019000,-383391182000,-383390345000,-383384987000,-383380703000
09553,1958-04-04,04:00:15,32,102,N,Ne,-1.538,0.0135,-0.9422,31,0,0,-7,-60,-370642547000,,,-370641617000,,,-370640687000
09554,1958-05-03,12:13:29,32,140,P,P,1.0188,0.9676,0.0092,242.2,21,0,-15,176,-368113689000,-368107053000,,-368106423000,,-368105793000,-368099157000
09555,1958-10-27,15:27:50,33,145,N,N,-1.157,0.7825,-0.3118,257.9,0,0,12,124,-352809700000,,,-352801963000,,,-352794226000
09556,1959-03-24,20:11:57,33,112,P,P,-0.8757,1.2379,0.2643,268.2,109.5,0,-2,58,-340005762000,-340001001000,,-339997716000,,-339994431000,-339989670000
09557,1959-09-17,01:03:37,33,117,N,N,1.0296,0.9874,-0.0496,268,0,0,-2,-17,-324781856000,,,-324773816000,,,-324765776000
09558,1960-03-13,08:28:21,33,122,T,T-,-0.1799,2.5415,1.5145,344.8,219.4,94,3,-125,-309378276000,-309374514000,-309370752000,-309367932000,-309365112000,-309361350000,-309357588000
09559,1960-09-05,11:21:51,33,127,T,T+,0.2422,2.4031,1.4239,326.7,210.8,86.7,-6,-171,-294160923000,-294157446000,-294153723000,-294151122000,-294148521000,-294144798000,-294141321000
09560,1961-03-02,13:28:40,34,132,P,P,0.554,1.8828,0.8006,347.6,192.9,0,8,161,-278774742000,-278770101000,,-278764314000,,-278758527000,-278753886000
09561,1961-08-26,03:08:51,34,137,P,P,-0.4894,1.933,0.9863,301.4,186,0,-11,-46,-263517745000,-263514283000,,-263508703000,,-263503123000,-263499661000
09562,1962-02-19,13:03:42,34,142,N,N,1.2511,0.612,-0.4865,231.9,0,0,12,168,-248187169000,,,-248180212000,,,-248173255000
09563,1962-07-17,11:54:49,34,109,N,N,1.337,0.3924,-0.5835,168.3,0,0,-20,-177,-235402194000,,,-235397145000,,,-235392096000
09564,1962-08-15,19:57:30,34,147,N,N,-1.221,0.5963,-0.3616,198.2,0,0,-15,62,-232868530000,,,-232862584000,,,-232856638000
09566,1963-07-06,22:02:59,35,119,P,P,0.6197,1.736,0.706,327.2,179.9,0,-22,31,-204784872000,-204780453000,,-204775056000,,-204769659000,-204765240000
09567,1963-12-30,11:07:25,35,124,T,T,-0.2889,2.3206,1.335,320,204.3,78.1,23,-166,-189531190000,-189527719000,-189523933000,-189521590000,-189519247000,-189515461000,-189511990000
09568,1964-06-25,01:06:50,35,129,T,T-,-0.1461,2.6238,1.5565,372.1,233.2,100.8,-24,-16,-174189588000,-174185421000,-174181449000,-174178425000,-174175401000,-174171429000,-174167262000
09569,1964-12-19,02:37:54,36,134,T,T,0.3801,2.1461,1.1748,310.1,195.5,58.9,24,-40,-158889465000,-158886027000,-158881929000,-158880162000,-158878395000,-158874297000,-158870859000
09570,1965-06-14,01:49:26,36,139,P,P,-0.9005,1.2351,0.1767,302.7,100.3,0,-24,-27,-143599351000,-143593279000,,-143590270000,,-143587261000,-143581189000
09571,1965-12-08,17:10:32,36,144,N,N,1.0774,0.882,-0.1201,240.7,0,0,24,100,-128249425000,,,-128242204000,,,-128234983000
09572,1966-05-04,21:12:06,37,111,N,N,1.0553,0.9157,-0.0728,246,0,0,-15,42,-115534291000,,,-115526911000,,,-115519531000
09573,1966-10-29,10:12:53,37,116,N,N,-1.0599,0.9517,-0.1249,273.7,0,0,12,-157,-100195475000,,,-100187264000,,,-100179053000
09574,1967-04-24,12:07:04,38,121,T,T,0.2972,2.2892,1.3356,313.3,202.8,77.9,-12,178,-84897013000,-84893698000,-84889951000,-84887614000,-84885277000,-84881530000,-84878215000
09575,1967-10-18,10:15:48,38,126,T,T,-0.3653,2.2337,1.1426,367.1,218.9,59.8,9,-157,-69612503000,-69608057000,-69603284000,-69601490000,-69599696000,-69594923000,-69590477000
09576,1968-04-13,04:48:01,39,131,T,T,-0.4173,2.0725,1.1116,309.5,194.1,48.5,-9,-72,-54251243000,-54247781000,-54243413000,-54241958000,-54240503000,-54236135000,-54232673000
09577,1968-10-06,11:42:35,39,136,T,T,0.3605,2.2242,1.1691,352,213.9,63,6,-179,-39021244000,-39017101000,-39012574000,-39010684000,-39008794000,-39004267000,-39000124000
09578,1969-04-02,18:33:06,39,141,N,N,-1.1764,0.7033,-0.3047,223.7,0,0,-6,82,-23613564000,,,-23606853000,,,-23600142000
09579,1969-08-27,10:48:15,40,108,N,Ne,-1.5407,0.0131,-0.9516,31.3,0,0,-11,-161,-10934884000,,,-10933945000,,,-10933006000
09580,1969-09-25,20:10:19,40,146,N,N,1.0655,0.9007,-0.0953,245.1,0,0,2,55,-8401974000,,,-8394621000,,,-8387268000
09581,1970-02-21,08:30:43,40,113,P,P,0.9619,1.1402,0.0463,298.5,52.7,0,11,-124,4428048000,4435422000,,4437003000,,4438584000,4445958000
09582,1970-08-17,03:24:06,41,118,P,P,-0.8053,1.3521,0.4079,270.6,131.3,0,-14,-49,19703287000,19707466000,,19711405000,,19715344000,19719523000
09583,1971-02-10,07:45:21,41,123,T,T,0.2741,2.4026,1.3082,369.5,224.7,82.2,15,-112,35008795000,35013139000,35017414000,35019880000,35022346000,35026621000,35030965000
09584,1971-08-06,19:43:52,42,128,T,T-,-0.0794,2.6958,1.7283,327.3,215.5,99.4,-17,66,50345971000,50349325000,50352808000,50355790000,50358772000,50362255000,50365609000
09585,1972-01-30,10:54:05,42,133,T,T,-0.4273,2.0987,1.0497,340.3,203.4,34.8,17,-160,65606594000,65610701000,65615759000,65616803000,65617847000,65622905000,65627012000
09586,1972-07-26,07:16:22,43,138,P,P,0.7116,1.5618,0.5427,312.4,160.1,0,-19,-108,80973567000,80978136000,,80982939000,,80987742000,80992311000
09587,1973-01-18,21:17:58,43,143,N,N,-1.0844,0.8655,-0.1293,236.5,0,0,19,43,96232740000,,,96239835000,,,96246930000
09588,1973-06-15,20:50:41,44,110,N,N,-1.3216,0.4685,-0.602,204.6,0,0,-25,48,109019259000,,,109025397000,,,109031535000
09589,1973-07-15,11:39:19,44,148,N,Nb,1.5177,0.1046,-0.9581,99.1,0,0,-20,-174,111581342000,,,111584315000,,,111587288000
09590,1973-12-10,01:45:06,44,115,P,P,0.9644,1.076,0.1007,252,68.5,0,24,-28,124328302000,124333807000,,124335862000,,124337917000,124343422000
09591,1974-06-04,22:16:44,45,120,P,P,-0.5488,1.8752,0.8269,341,193.6,0,-23,26,139605929000,139610351000,,139616159000,,139621967000,139626389000
09592,1974-11-29,15:14:07,45,125,T,T,0.3054,2.3057,1.2896,333.1,208.9,75.7,22,129,154960009000,154963735000,154967731000,154970002000,154972273000,154976269000,154979995000
09593,1975-05-25,05:48:47,46,130,T,T+,0.2367,2.4218,1.4253,335.9,215.2,88.3,-21,-88,170218804000,170222425000,170226232000,170228881000,170231530000,170235337000,170238958000
09594,1975-11-18,22:24:12,46,135,T,T,-0.4134,2.1352,1.0642,352.1,209,40.2,19,20,185570843000,185575136000,185580200000,185581406000,185582612000,185587676000,185591969000
09595,1976-05-13,19:55:08,47,140,P,P,0.9585,1.0761,0.1217,251.8,75.4,0,-18,61,200857707000,200862999000,,200865261000,,200867523000,200872815000
09596,1976-11-06,23:01:59,47,145,N,N,-1.1275,0.8383,-0.2594,265.8,0,0,15,11,216161298000,,,216169272000,,,216177246000
09597,1977-04-04,04:19:04,48,112,P,P,-0.9148,1.1657,0.1928,262.9,94.7,0,-7,-64,228967609000,228972655000,,228975496000,,228978337000,228983383000
09598,1977-09-27,08:30:08,48,117,N,N,1.0768,0.9007,-0.1361,257.5,0,0,3,-130,244189235000,,,244196960000,,,244204685000
09599,1978-03-24,16:23:11,49,122,T,T-,-0.214,2.479,1.4518,344.9,218.5,90.7,-2,116,259594195000,259597987000,259601821000,259604542000,259607263000,259611097000,259614889000
09600,1978-09-16,19:05:01,49,127,T,T,0.2951,2.306,1.3268,323.8,207.2,78.6,-2,73,274810938000,274814436000,274818294000,274820652000,274823010000,274826868000,274830366000
09601,1979-03-13,21:08:52,50,132,P,P,0.5253,1.935,0.8538,350.6,197.7,0,3,46,290196764000,290201351000,,290207282000,,290213213000,290217800000
09602,1979-09-06,10:55:02,50,137,T,T,-0.4305,2.0421,1.0936,305.1,191.9,44.4,-7,-164,305454099000,305457495000,305461920000,305463252000,305464584000,305469009000,305472405000
09603,1980-03-01,20:46:03,51,142,N,N,1.2269,0.6545,-0.4405,238.5,0,0,8,52,320784357000,,,320791512000,,,320798667000
09604,1980-07-27,19:08:59,51,109,N,N,1.4138,0.2535,-0.7264,137.5,0,0,-18,74,333568763000,,,333572888000,,,333577013000
09605,1980-08-26,03:31:20,51,147,N,N,-1.1608,0.7089,-0.2531,214.4,0,0,-12,-52,336102197000,,,336108629000,,,336115061000
09607,1981-07-17,04:47:40,52,119,P,P,0.7045,1.5822,0.5486,319.6,163.2,0,-21,-70,364183620000,364188312000,,364193208000,,364198104000,364202796000
09608,1982-01-09,19:56:44,52,124,T,T,-0.2916,2.3147,1.331,319.1,203.8,77.7,22,63,379444579000,379448038000,379451821000,379454152000,379456483000,379460266000,379463725000
09609,1982-07-06,07:31:47,53,129,T,T-,-0.0579,2.786,1.7179,373.8,235.6,105.7,-23,-112,394777440000,394781586000,394785483000,394788654000,394791825000,394795722000,394799868000
09610,1982-12-30,11:29:37,53,134,T,T,0.3758,2.1545,1.1822,310.6,195.9,60,24,-172,410086406000,410089847000,410093924000,410095724000,410097524000,410101601000,410105042000
09611,1983-06-25,08:23:11,53,139,P,P,-0.8151,1.3901,0.3348,314.7,134.6,0,-24,-125,425367897000,425373300000,,425377338000,,425381376000,425386779000
09612,1983-12-20,01:49:57,54,144,N,N,1.0746,0.889,-0.1167,242.3,0,0,24,-28,440725674000,,,440732943000,,,440740212000
09613,1984-05-15,04:41:03,54,111,N,N,1.113,0.8071,-0.176,232.5,0,0,-18,-71,453437034000,,,453444009000,,,453450984000
09614,1984-06-13,14:26:39,54,149,N,Nb,-1.5239,0.0647,-0.9414,73,0,0,-25,143,455982555000,,,455984745000,,,455986935000
09615,1984-11-08,17:56:08,54,116,N,N,-1.0899,0.8992,-0.1825,268.4,0,0,16,88,468776462000,,,468784514000,,,468792566000
09616,1985-05-04,19:57:19,55,121,T,T,0.3519,2.187,1.2369,310.2,198.9,67.7,-16,60,484075278000,484078617000,484082553000,484084584000,484086615000,484090551000,484093890000
09617,1985-10-28,17:43:17,55,126,T,T,-0.4022,2.1673,1.0736,365.1,214.9,43.9,13,91,499358389000,499362895000,499368025000,499369342000,499370659000,499375789000,499380295000
09618,1986-04-24,12:43:30,55,131,T,T,-0.3682,2.162,1.2022,312.6,198.8,63.6,-13,169,514721177000,514724591000,514728647000,514730555000,514732463000,514736519000,514739933000
09619,1986-10-17,19:18:54,55,136,T,T,0.3188,2.3008,1.2455,353.2,216.8,73.7,10,67,529950083000,529954175000,529958468000,529960679000,529962890000,529967183000,529971275000
09620,1987-04-14,02:19:50,55,141,N,N,-1.1364,0.7769,-0.2313,234.1,0,0,-10,-35,545358112000,,,545365135000,,,545372158000
09621,1987-10-07,04:02:30,56,146,N,N,1.0189,0.9863,-0.0096,253.5,0,0,6,-64,560570089000,,,560577694000,,,560585299000
09623,1988-08-27,11:05:29,56,118,P,P,-0.8681,1.238,0.2915,262.5,113,0,-11,-165,588675198000,588679683000,,588683073000,,588686463000,588690948000
09624,1989-02-20,15:36:18,56,123,T,T,0.2934,2.3651,1.2747,367.7,223.1,78.5,11,130,603981091000,603985429000,603989767000,603992122000,603994477000,603998815000,604003153000
09625,1989-08-17,03:09:07,57,128,T,T-,-0.149,2.5703,1.5984,327.5,214.3,95.8,-14,-46,619316665000,619320061000,619323616000,619326490000,619329364000,619332919000,619336315000
09626,1990-02-09,19:12:02,57,133,T,T,-0.4148,2.1191,1.075,339.6,204.3,42.3,14,76,634580477000,634584536000,634589396000,634590665000,634591934000,634596794000,634600853000
09627,1990-08-06,14:13:16,57,138,P,P,0.6374,1.7005,0.6766,322,175.5,0,-16,148,649942279000,649946674000,,649951939000,,649957204000,649961599000
09628,1991-01-30,05:59:38,58,143,N,N,-1.0752,0.8807,-0.1106,237.5,0,0,17,-87,665207995000,,,665215120000,,,665222245000
09629,1991-06-27,03:15:41,58,110,N,N,-1.4063,0.3126,-0.7572,169.5,0,0,-25,-48,677987398000,,,677992483000,,,677997568000
09630,1991-07-26,18:08:50,58,148,N,N,1.4369,0.2542,-0.811,152.7,0,0,-18,89,680547091000,,,680551672000,,,680556253000
09631,1991-12-21,10:34:00,58,115,P,P,0.9709,1.0651,0.0876,251.5,64.1,0,24,-159,693304037000,693309659000,,693311582000,,693313505000,693319127000
09632,1992-06-15,04:57:57,59,120,P,P,-0.6288,1.7264,0.6822,332.2,179.8,0,-24,-74,708574252000,708578824000,,708584218000,,708589612000,708594184000
09633,1992-12-09,23:45:05,59,125,T,T,0.3144,2.2915,1.2709,334.1,208.7,73.9,23,2,723934623000,723938385000,723942429000,723944646000,723946863000,723950907000,723954669000
09634,1993-06-04,13:01:26,59,130,T,T+,0.1638,2.5532,1.5617,336.3,217.8,95.8,-22,164,739188738000,739192293000,739195953000,739198827000,739201701000,739205361000,739208916000
09635,1993-11-29,06:27:06,60,135,T,T,-0.3994,2.1633,1.0876,354.4,210.8,46.7,21,-99,754543734000,754548042000,754552965000,754554366000,754555767000,754560690000,754564998000
09636,1994-05-25,03:31:20,60,140,P,P,0.8933,1.1941,0.2432,261.2,104.6,0,-20,-53,769828784000,769833482000,,769836620000,,769839758000,769844456000
09637,1994-11-18,06:44:54,61,145,N,N,-1.1047,0.8815,-0.2189,271.6,0,0,18,-105,785132885000,,,785141033000,,,785149181000
09638,1995-04-15,12:19:04,61,112,P,P,-0.9593,1.0836,0.1114,256.3,73,0,-11,175,797940594000,797946093000,,797948283000,,797950473000,797955972000
09639,1995-10-08,16:05:12,61,117,N,N,1.1179,0.8252,-0.2115,247.6,0,0,7,116,813160823000,,,813168251000,,,813175679000
09640,1996-04-04,00:10:47,62,122,T,T-,-0.2534,2.4068,1.3795,344.7,217.1,85.8,-6,-2,828566244000,828570072000,828574011000,828576585000,828579159000,828583098000,828586926000
09641,1996-09-27,02:55:24,62,127,T,T,0.3426,2.2188,1.2395,320.9,203.3,69.2,2,-46,843783235000,843786763000,843790786000,843792862000,843794938000,843798961000,843802489000
09642,1997-03-24,04:40:28,62,132,P,P,0.4899,1.9994,0.9195,353.9,203.1,0,-1,-68,859167749000,859172273000,,859178366000,,859184459000,859188983000
09643,1997-09-16,18:47:42,63,137,T,T,-0.3768,2.1417,1.1909,308.2,196.4,61.5,-3,77,874426353000,874429707000,874433754000,874435599000,874437444000,874441491000,874444845000
09644,1998-03-13,04:21:08,63,142,N,N,1.1964,0.7086,-0.3824,246.4,0,0,4,-62,889755413000,,,889762805000,,,889770197000
09645,1998-08-08,02:25:57,63,109,N,N,1.4875,0.1206,-0.8637,96.4,0,0,-15,-35,902540202000,,,902543094000,,,902545986000
09646,1998-09-06,11:11:11,63,147,N,N,-1.1057,0.8121,-0.1544,227.8,0,0,-7,-168,905073374000,,,905080208000,,,905087042000
09648,1999-07-28,11:34:46,64,119,P,P,0.7862,1.4342,0.3966,310.9,142.5,0,-18,-172,933152295000,933157347000,,933161622000,,933165897000,933170949000
09649,2000-01-21,04:44:34,64,124,T,T,-0.2957,2.306,1.3246,318.2,203.3,77,20,-68,948420264000,948423711000,948427500000,948429810000,948432120000,948435909000,948439356000
09650,2000-07-16,13:56:39,64,129,T,T+,0.0302,2.8375,1.7684,374.4,236,106.4,-21,153,963744503000,963748655000,963752543000,963755735000,963758927000,963762815000,963766967000
09651,2001-01-09,20:21:40,64,134,T,T,0.372,2.1618,1.1889,311,196.3,61,22,57,979062306000,979065747000,979069806000,979071636000,979073466000,979077525000,979080966000
09652,2001-07-05,14:56:23,64,139,P,P,-0.7287,1.5475,0.4947,325.1,159.3,0,-23,137,994335166000,994340140000,,994344919000,,994349698000,994354672000
09653,2001-12-30,10:30:22,64,144,N,N,1.0731,0.8933,-0.1155,243.5,0,0,24,-157,1009700853000,,,1009708158000,,,1009715463000
09654,2002-05-26,12:04:26,64,111,N,N,1.1758,0.6893,-0.2888,216.6,0,0,-20,179,1022408104000,,,1022414602000,,,1022421100000
09655,2002-06-24,21:28:13,64,149,N,N,-1.4439,0.2095,-0.7925,129.1,0,0,-25,39,1024950156000,,,1024954029000,,,1024957902000
09656,2002-11-20,01:47:40,64,116,N,N,-1.1126,0.86,-0.2264,264.3,0,0,19,-30,1037748867000,,,1037756796000,,,1037764725000
09657,2003-05-16,03:41:13,64,121,T,T,0.4123,2.0747,1.1276,306.5,193.9,51.4,-19,-56,1053047214000,1053050592000,1053054867000,1053056409000,1053057951000,1053062226000,1053065604000
09658,2003-11-09,01:19:38,64,126,T,T,-0.4319,2.1139,1.0178,363.2,211.4,22,16,-24,1068329818000,1068334372000,1068340054000,1068340714000,1068341374000,1068347056000,1068351610000
09659,2004-05-04,20:31:17,65,131,T,T,-0.3132,2.2627,1.3035,315.7,203.2,75.5,-17,51,1083693141000,1083696516000,1083700347000,1083702612000,1083704877000,1083708708000,1083712083000
09660,2004-10-28,03:05:11,65,136,T,T,0.2846,2.3637,1.3081,353.8,218.7,80.5,13,-50,1098922032000,1098926085000,1098930231000,1098932646000,1098935061000,1098939207000,1098943260000
09661,2005-04-24,09:55:55,65,141,N,N,-1.0885,0.865,-0.1436,245.6,0,0,-14,-150,1114329122000,,,1114336490000,,,1114343858000
09662,2005-10-17,12:04:27,65,146,P,P,0.9796,1.0585,0.0625,259.8,56,0,10,175,1129542808000,1129548922000,,1129550602000,,1129552282000,1129558396000
09664,2006-09-07,18:52:25,65,118,P,P,-0.9262,1.1329,0.1837,254.4,91.1,0,-7,77,1157647448000,1157652347000,,1157655080000,,1157657813000,1157662712000
09665,2007-03-03,23:21:59,65,123,T,T,0.3175,2.3188,1.2328,365.4,221.1,73.4,7,13,1172953092000,1172957421000,1172961852000,1172964054000,1172966256000,1172970687000,1172975016000
09666,2007-08-28,10:38:27,66,128,T,T-,-0.2145,2.4526,1.4758,327.3,212.2,90,-10,-159,1188287622000,1188291075000,1188294741000,1188297441000,1188300141000,1188303807000,1188307260000
09667,2008-02-21,03:27:09,66,133,T,T,-0.3992,2.1451,1.1062,339,205.4,49.8,10,-48,1203554193000,1203558201000,1203562869000,1203564363000,1203565857000,1203570525000,1203574533000
09668,2008-08-16,21:11:12,66,138,P,P,0.5646,1.8366,0.8076,330.5,188.1,0,-13,43,1218911091000,1218915363000,,1218921006000,,1218926649000,1218930921000
09669,2009-02-09,14:39:22,66,143,N,N,-1.064,0.8994,-0.0882,238.8,0,0,14,144,1234183132000,,,1234190296000,,,1234197460000
09670,2009-07-07,09:39:43,66,110,N,N,-1.4915,0.1562,-0.9133,121.5,0,0,-24,-143,1246955872000,,,1246959517000,,,1246963162000
09671,2009-08-06,00:40:18,66,148,N,N,1.3572,0.4019,-0.6661,189.8,0,0,-16,-9,1249513458000,,,1249519152000,,,1249524846000
09672,2009-12-31,19:23:46,67,115,P,P,0.9765,1.0556,0.0763,251.1,60,0,24,70,1262279826000,1262285559000,,1262287359000,,1262289159000,1262294892000
09673,2010-06-26,11:39:34,67,120,P,P,-0.7091,1.5773,0.5368,322.1,162.9,0,-24,-174,1277542644000,1277547420000,,1277552307000,,1277557194000,1277561970000
09674,2010-12-21,08:18:04,67,125,T,T,0.3214,2.2807,1.2561,335.1,208.7,72.3,24,-125,1292909364000,1292913156000,1292917248000,1292919417000,1292921586000,1292925678000,1292929470000
09675,2011-06-15,20:13:43,67,130,T,T+,0.0897,2.6868,1.6999,336.1,219.3,100.2,-23,57,1308158673000,1308162177000,1308165750000,1308168756000,1308171762000,1308175335000,1308178839000
09676,2011-12-10,14:32:56,68,135,T,T,-0.3882,2.186,1.1061,356.4,212.2,51.1,23,140,1323516816000,1323521142000,1323525975000,1323527508000,1323529041000,1323533874000,1323538200000
09677,2012-06-04,11:04:20,68,140,P,P,0.8247,1.3183,0.3704,270,126.6,0,-22,-166,1338799692000,1338803994000,,1338807792000,,1338811590000,1338815892000
09678,2012-11-28,14:34:07,68,145,N,N,-1.0869,0.9155,-0.1873,276,0,0,20,139,1354104899000,,,1354113179000,,,1354121459000
09679,2013-04-25,20:08:38,68,112,P,P,-1.0121,0.9866,0.0148,247.7,27,0,-14,57,1366913019000,1366919640000,,1366920450000,,1366921260000,1366927881000
09680,2013-05-25,04:11:06,68,150,N,Nb,1.535,0.0157,-0.9335,33.6,0,0,-19,-63,1369453990000,,,1369454998000,,,1369456006000
09681,2013-10-18,23:51:25,68,117,N,N,1.1508,0.7649,-0.2718,239.1,0,0,11,-2,1382133044000,,,1382140217000,,,1382147390000
09682,2014-04-15,07:46:48,69,122,T,T,-0.3017,2.3182,1.2907,343.9,214.7,77.8,-10,-116,1397537622000,1397541498000,1397545605000,1397547939000,1397550273000,1397554380000,1397558256000
09683,2014-10-08,10:55:44,69,127,T,T,0.3826,2.1456,1.1659,318.1,199.5,58.8,6,-167,1412756132000,1412759690000,1412763911000,1412765675000,1412767439000,1412771660000,1412775218000
09684,2015-04-04,12:01:24,69,132,T,T,0.446,2.0792,1.0008,357.5,209,4.7,-5,-179,1428138090000,1428142545000,1428148674000,1428148815000,1428148956000,1428155085000,1428159540000
09685,2015-09-28,02:48:17,69,137,T,T,-0.3296,2.2296,1.2764,310.7,199.9,71.9,2,-44,1443399107000,1443402431000,1443406271000,1443408428000,1443410585000,1443414425000,1443417749000
09686,2016-03-23,11:48:21,70,142,N,N,1.1591,0.7747,-0.3118,255.4,0,0,0,-175,1458725969000,,,1458733631000,,,1458741293000
09687,2016-09-16,18:55:27,70,147,N,N,-1.0548,0.908,-0.0635,239.3,0,0,-3,75,1474044878000,,,1474052057000,,,1474059236000
09688,2017-02-11,00:45:03,70,114,N,N,-1.0254,0.9884,-0.0354,259.2,0,0,13,-8,1486766057000,,,1486773833000,,,1486781609000
09689,2017-08-07,18:21:38,70,119,P,P,0.8668,1.2886,0.2464,300.9,115.2,0,-15,86,1502121001000,1502126572000,,1502130028000,,1502133484000,1502139055000
09690,2018-01-31,13:31:00,71,124,T,T,-0.3014,2.2941,1.3155,317.2,202.7,76.1,17,161,1517395873000,1517399308000,1517403106000,1517405389000,1517407672000,1517411470000,1517414905000
09691,2018-07-27,20:22:54,71,129,T,T+,0.1168,2.6792,1.6087,373.8,234.5,103,-19,56,1532711689000,1532715868000,1532719813000,1532722903000,1532725993000,1532729938000,1532734117000
09692,2019-01-21,05:13:27,71,134,T,T,0.3684,2.1684,1.1953,311.5,196.8,62,20,-75,1548038191000,1548041632000,1548045676000,1548047536000,1548049396000,1548053440000,1548056881000
09693,2019-07-16,21:31:55,71,139,P,P,-0.643,1.7037,0.6531,333.7,177.9,0,-22,39,1563302633000,1563307307000,,1563312644000,,1563317981000,1563322655000
09694,2020-01-10,19:11:11,72,144,N,N,1.0726,0.8956,-0.116,244.6,0,0,23,74,1578676061000,,,1578683399000,,,1578690737000
09695,2020-06-05,19:26:14,72,111,N,N,1.2406,0.5683,-0.4053,198.2,0,0,-21,69,1591379156000,,,1591385102000,,,1591391048000
09696,2020-07-05,04:31:12,72,149,N,N,-1.3638,0.3546,-0.6436,165,0,0,-24,-66,1593918450000,,,1593923400000,,,1593928350000
09697,2020-11-30,09:44:01,72,116,N,N,-1.1309,0.8285,-0.262,261,0,0,21,-148,1606721539000,,,1606729369000,,,1606737199000
09698,2021-05-26,11:19:53,72,121,T,T,0.4774,1.954,1.0095,302,187.4,14.5,-21,-170,1622018861000,1622022299000,1622027486000,1622027921000,1622028356000,1622033543000,1622036981000
09699,2021-11-19,09:04:06,73,126,P,P,-0.4552,2.072,0.9742,361.5,208.4,0,19,-139,1637301728000,1637306321000,,1637312573000,,1637318825000,1637323418000
09700,2022-05-16,04:12:42,73,131,T,T-,-0.2532,2.3726,1.4137,318.7,207.2,84.9,-19,-64,1652664728000,1652668073000,1652671742000,1652674289000,1652676836000,1652680505000,1652683850000
09701,2022-11-08,11:00:22,73,136,T,T+,0.257,2.4143,1.3589,353.9,219.8,85,17,-169,1667894532000,1667898555000,1667902599000,1667905149000,1667907699000,1667911743000,1667915766000
09702,2023-05-05,17:24:05,73,141,N,N,-1.0349,0.9636,-0.0457,257.5,0,0,-17,98,1683299647000,,,1683307372000,,,1683315097000
09703,2023-10-28,20:15:18,74,146,P,P,0.9471,1.1181,0.122,264.6,77.4,0,14,52,1698516106000,1698521722000,,1698524044000,,1698526366000,1698531982000
09704,2024-03-25,07:13:59,74,113,N,N,1.0609,0.9557,-0.1325,279.1,0,0,-1,-106,1711342392000,,,1711350765000,,,1711359138000
09705,2024-09-18,02:45:25,74,118,P,P,-0.9792,1.0372,0.0848,246.3,62.8,0,-3,-42,1726620062000,1726625567000,,1726627451000,,1726629335000,1726634840000
09706,2025-03-14,06:59:56,75,123,T,T,0.3484,2.2595,1.1784,362.6,218.3,65.4,3,-102,1741924643000,1741928972000,1741933559000,1741935521000,1741937483000,1741942070000,1741946399000
09707,2025-09-07,18:12:58,75,128,T,T,-0.2752,2.344,1.3619,326.7,209.4,82.1,-6,87,1757258902000,1757262421000,1757266240000,1757268703000,1757271166000,1757274985000,1757278504000
09708,2026-03-03,11:34:52,75,133,T,T,-0.3765,2.1838,1.1507,338.6,207.2,58.3,6,-171,1772527459000,1772531401000,1772535868000,1772537617000,1772539366000,1772543833000,1772547775000
09709,2026-08-28,04:14:04,75,138,P,P,0.4964,1.9645,0.9299,337.8,198.1,0,-9,-63,1787880235000,1787884426000,,1787890369000,,1787896312000,1787900503000
09710,2027-02-20,23:14:06,76,143,N,N,-1.048,0.9266,-0.0569,241,0,0,10,15,1803157940000,,,1803165170000,,,1803172400000
09711,2027-07-18,16:04:09,76,110,N,Ne,-1.5758,0.0014,-1.068,11.8,0,0,-22,121,1815926219000,,,1815926573000,,,1815926927000
09712,2027-08-17,07:14:59,76,148,N,N,1.2797,0.5456,-0.5254,218.6,0,0,-12,-108,1818480265000,,,1818486823000,,,1818493381000
09713,2028-01-12,04:14:13,76,115,P,P,0.9817,1.0468,0.0662,250.7,56,0,23,-61,1831255656000,1831261497000,,1831263177000,,1831264857000,1831270698000
09714,2028-07-06,18:20:57,77,120,P,P,-0.7903,1.4266,0.3892,310.6,141.5,0,-23,86,1846511062000,1846516135000,,1846520380000,,1846524625000,1846529698000
09715,2028-12-31,16:53:15,77,125,T,T,0.3258,2.2742,1.2463,336.2,208.8,71.3,23,108,1861884232000,1861888054000,1861892179000,1861894318000,1861896457000,1861900582000,1861904404000
09716,2029-06-26,03:23:22,77,130,T,T+,0.0124,2.8266,1.8436,335.1,219.5,101.9,-23,-50,1877128472000,1877131940000,1877135468000,1877138525000,1877141582000,1877145110000,1877148578000
09717,2029-12-20,22:43:12,78,135,T,T,-0.3811,2.2008,1.1174,358,213.3,53.7,23,19,1892490174000,1892494515000,1892499303000,1892500914000,1892502525000,1892507313000,1892511654000
09718,2030-06-15,18:34:34,78,140,P,P,0.7534,1.448,0.5025,278.2,144.4,0,-23,82,1907770450000,1907774464000,,1907778796000,,1907783128000,1907787142000
09719,2030-12-09,22:28:51,78,145,N,N,-1.0731,0.9416,-0.1628,279.2,0,0,22,21,1923077277000,,,1923085653000,,,1923094029000
09720,2031-05-07,03:52:02,78,112,N,N,-1.0694,0.8814,-0.0904,237.3,0,0,-18,-59,1935885125000,,,1935892244000,,,1935899363000
09721,2031-06-05,11:45:17,78,150,N,N,1.4731,0.1292,-0.8199,95.6,0,0,-21,-176,1938423371000,,,1938426239000,,,1938429107000
09722,2031-10-30,07:46:45,79,117,N,N,1.1773,0.7161,-0.3204,231.8,0,0,15,-121,1951105772000,,,1951112726000,,,1951119680000
09723,2032-04-25,15:14:51,79,122,T,T,-0.3558,2.2192,1.1913,342.4,211.2,65.5,-14,131,1966508540000,1966512476000,1966516847000,1966518812000,1966520777000,1966525148000,1966529084000
09724,2032-10-18,19:03:40,79,127,T,T,0.4169,2.083,1.1028,315.4,195.9,47.1,10,71,1981729479000,1981733064000,1981737528000,1981738941000,1981740354000,1981744818000,1981748403000
09725,2033-04-14,19:13:51,80,132,T,T,0.3954,2.1711,1.0944,361.2,215,49.2,-9,72,1997107915000,1997112301000,1997117275000,1997118751000,1997120227000,1997125201000,1997129587000
09726,2033-10-08,10:56:23,80,137,T,T,-0.2889,2.3057,1.3497,312.6,202.4,78.8,6,-167,2012372325000,2012375631000,2012379339000,2012381703000,2012384067000,2012387775000,2012391081000
09727,2034-04-03,19:06:59,80,142,N,N,1.1144,0.8545,-0.2274,265.4,0,0,-5,75,2027695977000,,,2027703939000,,,2027711901000
09728,2034-09-28,02:47:37,81,147,P,P,-1.011,0.9911,0.0144,248.7,26.7,0,1,-44,2043016915000,2043023575000,,2043024376000,,2043025177000,2043031837000
09729,2035-02-22,09:06:12,81,114,N,N,-1.0367,0.9652,-0.0535,255.7,0,0,9,-133,2055740220000,,,2055747891000,,,2055755562000
09730,2035-08-19,01:12:15,81,119,P,P,0.9433,1.1507,0.1037,289.8,76.5,0,-12,-17,2071089960000,2071096359000,,2071098654000,,2071100949000,2071107348000
09731,2036-02-11,22:13:06,82,124,T,T,-0.311,2.2751,1.2995,316.1,201.9,74.5,14,31,2086371221000,2086374647000,2086378469000,2086380704000,2086382939000,2086386761000,2086390187000
09732,2036-08-07,02:52:32,82,129,T,T+,0.2004,2.5266,1.4544,372.1,231.3,95.3,-16,-41,2101679107000,2101683331000,2101687411000,2101690270000,2101693129000,2101697209000,2101701433000
09733,2037-01-31,14:01:38,82,134,T,T,0.3619,2.1803,1.2074,312.1,197.5,63.7,18,153,2117013853000,2117017291000,2117021305000,2117023216000,2117025127000,2117029141000,2117032579000
09734,2037-07-27,04:09:53,83,139,P,P,-0.5582,1.8584,0.8095,340.8,192.4,0,-20,-60,2132270286000,2132274738000,,2132280510000,,2132286282000,2132290734000
09735,2038-01-21,03:49:52,83,144,N,N,1.071,0.8996,-0.114,245.8,0,0,21,-54,2147651135000,,,2147658509000,,,2147665883000
09736,2038-06-17,02:45:02,83,111,N,N,1.3082,0.4422,-0.5275,176.3,0,0,-22,-41,2160350130000,,,2160355419000,,,2160360708000
09737,2038-07-16,11:35:56,84,149,N,N,-1.2837,0.4999,-0.4952,192.4,0,0,-23,-172,2162887100000,,,2162892872000,,,2162898644000
09738,2038-12-11,17:45:00,84,116,N,N,-1.1448,0.8046,-0.2892,258.5,0,0,22,93,2175694461000,,,2175702216000,,,2175709971000
09739,2039-06-06,18:54:25,84,121,P,P,0.546,1.8272,0.8846,296.7,179.3,0,-22,77,2190990280000,2190993802000,,2190999181000,,2191004560000,2191008082000
09740,2039-11-30,16:56:28,85,126,P,P,-0.4721,2.0418,0.9426,360.1,206,0,21,104,2206274100000,2206278723000,,2206284903000,,2206291083000,2206295706000
09741,2040-05-26,11:46:22,85,131,T,T-,-0.1872,2.4938,1.5348,321.4,210.7,92.2,-21,-177,2221635855000,2221639176000,2221642731000,2221645497000,2221648263000,2221651818000,2221655139000
09742,2040-11-18,19:04:40,85,136,T,T+,0.2361,2.4525,1.3974,353.6,220.4,87.8,20,70,2236867587000,2236871583000,2236875561000,2236878195000,2236880829000,2236884807000,2236888803000
09743,2041-05-16,00:43:03,86,141,P,P,-0.9746,1.0747,0.0645,269.7,58.5,0,-20,-12,2252269606000,2252275942000,,2252277697000,,2252279452000,2252285788000
09744,2041-11-08,04:35:05,86,146,P,P,0.9212,1.1656,0.1696,268,90.3,0,18,-73,2267489979000,2267495310000,,2267498019000,,2267500728000,2267506059000
09745,2042-04-05,14:30:11,86,113,N,N,1.108,0.868,-0.2176,268.4,0,0,-5,144,2280312873000,,,2280320925000,,,2280328977000
09746,2042-09-29,10:45:47,87,118,N,N,-1.0261,0.9528,-0.0031,238.5,0,0,2,-163,2295593105000,,,2295600260000,,,2295607415000
09747,2043-03-25,14:32:04,87,123,T,T,0.3849,2.19,1.1142,359.3,214.6,53.4,-2,144,2310895858000,2310900199000,2310905035000,2310906637000,2310908239000,2310913075000,2310917416000
09748,2043-09-19,01:51:50,88,128,T,T,-0.3316,2.2433,1.2556,325.8,206,71.7,-2,-29,2326230448000,2326234042000,2326238071000,2326240222000,2326242373000,2326246402000,2326249996000
09749,2044-03-13,19:38:33,88,133,T,T,-0.3496,2.2303,1.2031,338.4,209.1,66.4,2,68,2341500473000,2341504352000,2341508633000,2341510625000,2341512617000,2341516898000,2341520777000
09750,2044-09-07,11:20:44,88,138,T,T,0.4318,2.086,1.0456,344,206.2,33.9,-5,-171,2356849636000,2356853770000,2356858939000,2356859956000,2356860973000,2356866142000,2356870276000
09751,2045-03-03,07:43:26,89,143,N,N,-1.0274,0.9623,-0.0168,243.9,0,0,6,-113,2372132400000,,,2372139717000,,,2372147034000
09752,2045-08-27,13:54:50,89,148,N,N,1.206,0.6825,-0.3919,241.7,0,0,-9,152,2387447550000,,,2387454801000,,,2387462052000
09753,2046-01-22,13:02:37,90,115,P,P,0.9885,1.0347,0.0532,250,50.4,0,21,168,2400231367000,2400237355000,,2400238867000,,2400240379000,2400246367000
09754,2046-07-18,01:06:05,90,120,P,P,-0.8691,1.2807,0.2461,298.1,114.6,0,-22,-14,2415479732000,2415485237000,,2415488675000,,2415492113000,2415497618000
09755,2047-01-12,01:26:14,90,125,T,T,0.3317,2.2649,1.2341,337.2,208.9,70,22,-19,2430858968000,2430862817000,2430866984000,2430869084000,2430871184000,2430875351000,2430879200000
09756,2047-07-07,10:35:45,91,130,T,T-,-0.0636,2.731,1.7513,333.4,218.5,100.8,-23,-157,2446098452000,2446101899000,2446105430000,2446108454000,2446111478000,2446115009000,2446118456000
09757,2048-01-01,06:53:55,91,135,T,T,-0.3745,2.2141,1.128,359.4,214.3,55.9,23,-102,2461463562000,2461467915000,2461472667000,2461474344000,2461476021000,2461480773000,2461485126000
09758,2048-06-26,02:02:28,92,140,P,P,0.6796,1.5825,0.6388,285.7,159.2,0,-23,-30,2476741085000,2476744880000,,2476749656000,,2476754432000,2476758227000
09759,2048-12-20,06:27:48,92,145,N,N,-1.0624,0.9617,-0.1436,281.6,0,0,22,-97,2492049928000,,,2492058376000,,,2492066824000
09760,2049-05-17,11:26:39,92,112,N,N,-1.1337,0.7638,-0.2085,224.3,0,0,-21,-172,2504856778000,,,2504863507000,,,2504870236000
09761,2049-06-15,19:14:12,92,150,N,N,1.4068,0.2511,-0.6985,132,0,0,-22,72,2507393200000,,,2507397160000,,,2507401120000
09762,2049-11-09,15:52:11,93,117,N,N,1.1964,0.6808,-0.3553,226.1,0,0,18,118,2520079055000,,,2520085838000,,,2520092621000
09763,2050-05-06,22:32:02,94,122,T,T,-0.4181,2.1052,1.0767,340,206,43.2,-17,21,2535478828000,2535482848000,2535487732000,2535489028000,2535490324000,2535495208000,2535499228000
09764,2050-10-30,03:21:47,95,127,T,T,0.4435,2.0345,1.0538,313.1,192.9,34.5,14,-54,2550703419000,2550707025000,2550711777000,2550712812000,2550713847000,2550718599000,2550722205000
09765,2051-04-26,02:16:28,96,132,T,T,0.3371,2.2773,1.2022,364.8,220.8,69.6,-13,-34,2566077148000,2566081468000,2566086004000,2566088092000,2566090180000,2566094716000,2566099036000
09766,2051-10-19,19:11:50,97,137,T,T-,-0.2542,2.3708,1.4118,314.2,204.3,83.6,10,69,2581345987000,2581349284000,2581352905000,2581355413000,2581357921000,2581361542000,2581364839000
09767,2052-04-14,02:18:06,98,142,N,N,1.0628,0.9466,-0.1305,276,0,0,-9,-34,2596665508000,,,2596673788000,,,2596682068000
09768,2052-10-08,10:45:58,99,147,P,P,-0.9726,1.0642,0.0821,256.6,63.3,0,5,-164,2611989361000,2611995160000,,2611997059000,,2611998958000,2612004757000
09769,2053-03-04,17:22:10,99,114,N,N,-1.053,0.9323,-0.0808,251.1,0,0,5,102,2624714098000,,,2624721631000,,,2624729164000
09771,2054-02-22,06:51:27,101,124,T,T,-0.3242,2.2491,1.2769,314.7,200.9,72.1,10,-99,2655346345000,2655349759000,2655353623000,2655355786000,2655357949000,2655361813000,2655365227000
09772,2054-08-18,09:26:30,102,129,T,T,0.2806,2.3805,1.3062,369.5,226.5,82.9,-13,-140,2670646803000,2670651093000,2670655401000,2670657888000,2670660375000,2670664683000,2670668973000
09773,2055-02-11,22:46:17,103,134,T,T,0.3526,2.197,1.2246,312.9,198.4,66,14,22,2685989287000,2685992722000,2685996694000,2685998674000,2686000654000,2686004626000,2686008061000
09774,2055-08-07,10:53:18,104,139,P,P,-0.4769,2.0069,0.9594,346.3,203.4,0,-17,-161,2701238305000,2701242592000,,2701248694000,,2701254796000,2701259083000
09775,2056-02-01,12:26:06,105,144,N,N,1.0682,0.9056,-0.1096,247.2,0,0,18,177,2716626045000,,,2716633461000,,,2716640877000
09776,2056-06-27,10:03:09,106,111,N,N,1.3769,0.3143,-0.6519,149.9,0,0,-22,-149,2729321186000,,,2729325683000,,,2729330180000
09777,2056-07-26,18:43:24,106,149,N,N,-1.2048,0.6435,-0.3489,214.4,0,0,-20,81,2731856066000,,,2731862498000,,,2731868930000
09778,2056-12-22,01:48:56,107,116,N,N,-1.1559,0.7857,-0.3109,256.4,0,0,22,-27,2744667537000,,,2744675229000,,,2744682921000
09779,2057-06-17,02:26:20,108,121,P,P,0.6167,1.6967,0.7555,290.6,169.3,0,-23,-36,2759961554000,2759965193000,,2759970272000,,2759975351000,2759978990000
09780,2057-12-11,00:53:38,109,126,P,P,-0.4853,2.0178,0.9181,358.8,204,0,23,-15,2775246745000,2775251389000,,2775257509000,,2775263629000,2775268273000
09781,2058-06-06,19:15:48,110,131,T,T-,-0.1181,2.621,1.6611,323.6,213.4,97.3,-23,71,2790606730000,2790610036000,2790613519000,2790616438000,2790619357000,2790622840000,2790626146000
09782,2058-11-30,03:16:18,111,136,T,T+,0.2208,2.4802,1.426,353,220.7,89.7,22,-52,2805841077000,2805845046000,2805848976000,2805851667000,2805854358000,2805858288000,2805862257000
09783,2059-05-27,07:55:35,112,141,P,P,-0.9097,1.1946,0.1829,281.7,97.2,0,-22,-119,2821239172000,2821244707000,,2821247623000,,2821250539000,2821256074000
09784,2059-11-19,13:01:36,113,146,P,P,0.9004,1.2037,0.2079,270.5,99.2,0,20,161,2836464268000,2836469407000,,2836472383000,,2836475359000,2836480498000
09785,2060-04-15,21:37:04,114,113,N,N,1.1621,0.7674,-0.3156,255,0,0,-9,37,2849282860000,,,2849290510000,,,2849298160000
09786,2060-10-09,18:53:32,115,118,N,N,-1.067,0.8796,-0.0799,231.3,0,0,6,74,2864566558000,,,2864573497000,,,2864580436000
09787,2060-11-08,04:04:15,115,156,N,N,1.5332,0.0266,-0.9375,43.6,0,0,18,-65,2867110832000,,,2867112140000,,,2867113448000
09788,2061-04-04,21:54:05,116,123,T,T,0.43,2.1044,1.0341,355,209.6,29.9,-6,33,2879866479000,2879870841000,2879876232000,2879877129000,2879878026000,2879883417000,2879887779000
09789,2061-09-29,09:38:13,117,128,T,T,-0.381,2.1556,1.1621,324.8,202.4,59,2,-146,2895202432000,2895206104000,2895210406000,2895212176000,2895213946000,2895218248000,2895221920000
09790,2062-03-25,03:33:50,118,133,T,T,-0.315,2.2905,1.2695,338.3,211.3,74.7,-2,-52,2910472963000,2910476773000,2910480871000,2910483112000,2910485353000,2910489451000,2910493261000
09791,2062-09-18,18:34:02,119,138,T,T,0.3735,2.1959,1.1496,349.3,212.4,59.5,-1,80,2925819444000,2925823551000,2925828138000,2925829923000,2925831708000,2925836295000,2925840402000
09792,2063-03-14,16:05:49,120,143,P,P,-1.0007,1.0088,0.0342,247.8,40.6,0,1,121,2941106395000,2941112611000,,2941113829000,,2941115047000,2941121263000
09793,2063-09-07,20:41:12,121,148,N,N,1.1374,0.8101,-0.2678,260.4,0,0,-5,49,2956415339000,,,2956423151000,,,2956430963000
09794,2064-02-02,21:48:57,122,115,P,P,0.9969,1.0197,0.0377,249,42.5,0,18,37,2969206945000,2969213140000,,2969214415000,,2969215690000,2969221885000
09795,2064-07-28,07:52:48,123,120,P,P,-0.9473,1.1361,0.1038,284.3,75.7,0,-20,-116,2984448516000,2984454774000,,2984457045000,,2984459316000,2984465574000
09796,2065-01-22,09:58:58,124,125,T,T,0.3371,2.2561,1.2231,338.2,209,68.8,20,-146,2999833668000,2999837544000,2999841750000,2999843814000,2999845878000,2999850084000,2999853960000
09797,2065-07-17,17:48:40,125,130,T,T-,-0.1402,2.589,1.6121,331,216.3,97,-21,95,3015068465000,3015071906000,3015075485000,3015078395000,3015081305000,3015084884000,3015088325000
09798,2066-01-11,15:04:47,126,135,T,T,-0.3687,2.2259,1.1378,360.7,215.2,57.9,21,136,3030436940000,3030441305000,3030446024000,3030447761000,3030449498000,3030454217000,3030458582000
09799,2066-07-07,09:30:29,127,140,P,P,0.6055,1.7179,0.7753,292.3,171.3,0,-22,-141,3045711733000,3045715363000,,3045720502000,,3045725641000,3045729271000
09800,2066-12-31,14:30:10,128,145,N,N,-1.0539,0.9773,-0.1281,283.3,0,0,22,144,3061022783000,,,3061031282000,,,3061039781000
09801,2067-05-28,18:56:08,129,112,N,N,-1.2012,0.6403,-0.3329,208.5,0,0,-23,76,3073828184000,,,3073834439000,,,3073840694000
09802,2067-06-27,02:41:06,129,150,N,N,1.3394,0.3754,-0.5753,159.8,0,0,-22,-39,3076363143000,,,3076367937000,,,3076372731000
09803,2067-11-21,00:04:42,130,117,N,N,1.2106,0.6544,-0.3811,221.5,0,0,21,-4,3089052707000,,,3089059352000,,,3089065997000
09804,2068-05-17,05:42:17,131,122,P,P,-0.4851,1.9826,0.9532,336.6,199,0,-20,-86,3104448708000,3104452836000,,3104458806000,,3104464776000,3104468904000
09805,2068-11-09,11:47:00,132,127,T,T,0.4645,1.9962,1.0149,311.2,190.2,18.4,18,180,3119677752000,3119681382000,3119686536000,3119687088000,3119687640000,3119692794000,3119696424000
09806,2069-05-06,09:09:57,133,132,T,T+,0.2717,2.3965,1.3229,368.1,226.2,84.3,-17,-138,3135045821000,3135050078000,3135054335000,3135056864000,3135059393000,3135063650000,3135067907000
09807,2069-10-30,03:35:06,134,137,T,T-,-0.2263,2.4235,1.4616,315.4,205.6,86.8,14,-57,3150320110000,3150323404000,3150326968000,3150329572000,3150332176000,3150335740000,3150339034000
09809,2070-10-19,18:51:12,137,147,P,P,-0.9406,1.1258,0.1383,263.2,81.7,0,9,74,3180962239000,3180967684000,,3180970135000,,3180972586000,3180978031000
09810,2071-03-16,01:31:09,137,114,N,N,-1.0756,0.8879,-0.1194,245.1,0,0,1,-20,3193687579000,,,3193694932000,,,3193702285000
09811,2071-09-09,15:05:41,138,119,N,N,1.0834,0.8989,-0.1586,265.2,0,0,-4,133,3209028647000,,,3209036603000,,,3209044559000
09812,2072-03-04,15:23:07,140,124,T,T,-0.343,2.2127,1.2441,313.2,199.4,68.5,6,133,3224321051000,3224324465000,3224328392000,3224330447000,3224332502000,3224336429000,3224339843000
09813,2072-08-28,16:05:42,141,129,T,T,0.3563,2.2428,1.1662,366,220.3,64.2,-9,119,3239614821000,3239619192000,3239623875000,3239625801000,3239627727000,3239632410000,3239636781000
09814,2073-02-22,07:24:53,142,134,T,T,0.3388,2.2218,1.2503,313.8,199.7,69.2,10,-107,3254964337000,3254967760000,3254971675000,3254973751000,3254975827000,3254979742000,3254983165000
09815,2073-08-17,17:42:41,143,139,T,T,-0.3998,2.1479,1.1013,350.5,211.6,50.1,-13,96,3270206703000,3270210870000,3270215715000,3270217218000,3270218721000,3270223566000,3270227733000
09816,2074-02-11,20:55:58,144,144,N,N,1.0611,0.9191,-0.0972,249.5,0,0,15,50,3285600529000,,,3285608014000,,,3285615499000
09817,2074-07-08,17:21:38,145,111,N,N,1.4456,0.187,-0.7765,116.6,0,0,-21,101,3298292455000,,,3298295953000,,,3298299451000
09818,2074-08-07,01:56:03,145,149,N,N,-1.1291,0.7813,-0.2091,232.2,0,0,-17,-27,3300825452000,,,3300832418000,,,3300839384000
09819,2075-01-02,09:55:03,146,116,N,N,-1.1642,0.7714,-0.3271,254.9,0,0,22,-147,3313640710000,,,3313648357000,,,3313656004000
09820,2075-06-28,09:55:35,147,121,P,P,0.6897,1.5624,0.622,283.4,157,0,-23,-147,3328932686000,3328936478000,,3328941188000,,3328945898000,3328949690000
09821,2075-12-22,08:55:55,148,126,P,P,-0.4945,2.0008,0.9013,357.6,202.5,0,23,-134,3344219679000,3344224332000,,3344230407000,,3344236482000,3344241135000
09822,2076-06-17,02:39:47,149,131,T,T-,-0.0452,2.7554,1.7943,325.3,215.1,100.2,-23,-39,3359577279000,3359580585000,3359584032000,3359587038000,3359590044000,3359593491000,3359596797000
09823,2076-12-10,11:34:51,150,136,T,T+,0.2102,2.499,1.446,352.2,220.6,90.8,23,-175,3374814975000,3374818923000,3374822817000,3374825541000,3374828265000,3374832159000,3374836107000
09824,2077-06-06,14:59:52,151,141,P,P,-0.8387,1.3257,0.3123,293.6,125,0,-24,135,3390208233000,3390213291000,,3390217041000,,3390220791000,3390225849000
09825,2077-11-29,21:35:53,152,146,P,P,0.8854,1.2309,0.2356,272,105,0,23,34,3405439041000,3405444051000,,3405447201000,,3405450351000,3405455361000
09826,2078-04-27,04:35:44,153,113,N,N,1.2222,0.6558,-0.4246,238.2,0,0,-13,-68,3418252445000,,,3418259591000,,,3418266737000
09827,2078-10-21,03:08:03,154,118,N,N,-1.1021,0.8171,-0.1462,224.8,0,0,10,-50,3433540385000,,,3433547129000,,,3433553873000
09828,2078-11-19,12:40:04,154,156,N,N,1.5147,0.0615,-0.9047,66,0,0,21,166,3436085070000,,,3436087050000,,,3436089030000
09829,2079-04-16,05:10:45,155,123,P,P,0.4799,2.01,0.9451,350.1,203.4,0,-10,-77,3448836787000,3448841188000,,3448847290000,,3448853392000,3448857793000
09830,2079-10-10,17:30:30,156,128,T,T,-0.4246,2.0786,1.0791,323.8,198.7,42.4,7,95,3464174760000,3464178513000,3464183202000,3464184474000,3464185746000,3464190435000,3464194188000
09831,2080-04-04,11:23:38,157,133,T,T,-0.2751,2.3607,1.346,338.3,213.6,82.1,-6,-170,3479445112000,3479448853000,3479452798000,3479455261000,3479457724000,3479461669000,3479465410000
09832,2080-09-29,01:52:42,158,138,T,T,0.3203,2.2967,1.2443,353.7,217.4,73.8,3,-30,3494789593000,3494793682000,3494797990000,3494800204000,3494802418000,3494806726000,3494810815000
09833,2081-03-25,00:22:01,159,143,P,P,-0.9687,1.0652,0.0953,252.4,67.1,0,-3,-4,3510079990000,3510085549000,,3510087562000,,3510089575000,3510095134000
09834,2081-09-18,03:35:26,161,148,N,N,1.0747,0.927,-0.1545,275.7,0,0,-1,-55,3525383694000,,,3525391965000,,,3525400236000
09835,2082-02-13,06:29:19,161,115,P,P,1.0101,0.9955,0.0134,247.2,25.5,0,14,-93,3538182182000,3538188833000,,3538189598000,,3538190363000,3538197014000
09837,2083-02-02,18:26:46,164,125,T,T,0.3463,2.24,1.2052,338.9,208.8,66.5,17,88,3568808075000,3568811978000,3568816247000,3568818242000,3568820237000,3568824506000,3568828409000
09838,2083-07-29,01:05:34,165,130,T,T-,-0.2143,2.452,1.4773,328,212.9,90.4,-19,-14,3584038729000,3584042182000,3584045857000,3584048569000,3584051281000,3584054956000,3584058409000
09839,2084-01-22,23:13:00,166,135,T,T,-0.361,2.2407,1.1513,362,216.3,60.5,19,15,3599410154000,3599414525000,3599419199000,3599421014000,3599422829000,3599427503000,3599431874000
09840,2084-07-17,16:58:51,167,140,P,P,0.5312,1.854,0.9119,298.1,181.4,0,-20,107,3614682421000,3614685922000,,3614691364000,,3614696806000,3614700307000
09841,2085-01-10,22:32:29,168,145,N,N,-1.0453,0.9927,-0.1119,284.9,0,0,21,24,3629995634000,,,3630004181000,,,3630012728000
09842,2085-06-08,02:17:36,169,112,N,N,-1.2745,0.5065,-0.4682,188.5,0,0,-24,-34,3642799232000,,,3642804887000,,,3642810542000
09843,2085-07-07,10:04:40,169,150,N,N,1.2694,0.5047,-0.4478,183.5,0,0,-21,-149,3645333006000,,,3645338511000,,,3645344016000
09844,2085-12-01,08:25:35,170,117,N,N,1.2189,0.6387,-0.3957,218.5,0,0,23,-128,3658026810000,,,3658033365000,,,3658039920000
09845,2086-05-28,12:43:47,171,122,P,P,-0.5585,1.8486,0.818,332,189.4,0,-22,169,3673418096000,3673422374000,,3673428056000,,3673433738000,3673438016000
09846,2086-11-20,20:19:42,172,127,P,P,0.4799,1.9679,0.9865,309.5,188.1,0,20,52,3688652525000,3688656167000,,3688661810000,,3688667453000,3688671095000
09847,2087-05-17,15:55:20,173,132,T,T+,0.1999,2.5276,1.4554,371,230.6,95.1,-19,121,3704014017000,3704018229000,3704022294000,3704025147000,3704028000000,3704032065000,3704036277000
09848,2087-11-10,12:05:33,174,137,T,T-,-0.2043,2.4654,1.5006,316.4,206.6,88.9,17,175,3719294667000,3719297961000,3719301492000,3719304159000,3719306826000,3719310357000,3719313651000
09849,2088-05-05,16:16:50,175,142,P,P,0.9387,1.1695,0.1019,297.9,77.1,0,-16,116,3734603098000,3734609722000,,3734612035000,,3734614348000,3734620972000
09850,2088-10-30,03:03:20,177,147,P,P,-0.9147,1.1761,0.1831,268.5,93.6,0,13,-49,3749935568000,3749940815000,,3749943623000,,3749946431000,3749951678000
09851,2089-03-26,09:34:14,178,114,N,N,-1.1038,0.8332,-0.1681,237.8,0,0,-4,-142,3762660742000,,,3762667876000,,,3762675010000
09852,2089-09-19,22:11:17,179,119,N,N,1.1447,0.7893,-0.2737,252.2,0,0,0,26,3777998532000,,,3778006098000,,,3778013664000
09853,2090-03-15,23:48:31,180,124,T,T,-0.3674,2.1659,1.2012,311.3,197.5,63,1,6,3793295392000,3793298806000,3793302841000,3793304731000,3793306621000,3793310656000,3793314070000
09854,2090-09-08,22:52:29,181,129,T,T,0.4257,2.1167,1.0377,362,213.1,31.9,-5,17,3808583308000,3808587775000,3808593211000,3808594168000,3808595125000,3808600561000,3808605028000
09855,2091-03-05,15:58:22,182,134,T,T,0.3212,2.2537,1.2832,315,201.3,72.9,6,124,3823939070000,3823942481000,3823946333000,3823948520000,3823950707000,3823954559000,3823957970000
09856,2091-08-29,00:38:25,183,139,T,T,-0.327,2.281,1.2351,353.4,217.5,72.9,-10,-8,3839175520000,3839179597000,3839183935000,3839186122000,3839188309000,3839192647000,3839196724000
09857,2092-02-23,05:20:59,184,144,N,N,1.0509,0.9383,-0.0789,252.4,0,0,11,-76,3854574703000,,,3854582275000,,,3854589847000
09858,2092-07-19,00:41:58,185,111,N,Ne,1.5131,0.062,-0.8992,67.7,0,0,-19,-8,3867264302000,,,3867266333000,,,3867268364000
09859,2092-08-17,09:13:59,185,149,N,N,-1.0568,0.9131,-0.0757,246.7,0,0,-14,-136,3869795253000,,,3869802654000,,,3869810055000
09860,2093-01-12,18:00:03,186,116,N,N,-1.1733,0.7553,-0.3444,253.1,0,0,20,93,3882613824000,,,3882621417000,,,3882629010000
09861,2093-07-08,17:24:18,187,121,P,P,0.7632,1.4275,0.4872,275.3,141.9,0,-22,101,3897903812000,3897907814000,,3897912071000,,3897916328000,3897920330000
09862,2094-01-01,17:00:06,188,126,P,P,-0.5024,1.9858,0.8871,356.5,201.2,0,22,107,3913192723000,3913197382000,,3913203418000,,3913209454000,3913214113000
09863,2094-06-28,10:01:57,190,131,T,T+,0.0288,2.7865,1.8234,326.5,215.7,100.6,-23,-149,3928547732000,3928551056000,3928554509000,3928557527000,3928560545000,3928563998000,3928567322000
09864,2094-12-21,19:56:32,191,136,T,T+,0.2016,2.5138,1.4627,351.2,220.5,91.6,24,61,3943789065000,3943792986000,3943796853000,3943799601000,3943802349000,3943806216000,3943810137000
09865,2095-06-17,22:00:11,192,141,P,P,-0.7653,1.4617,0.4459,304.7,146.9,0,-24,31,3959177078000,3959181812000,,3959186219000,,3959190626000,3959195360000
09866,2095-12-11,06:15:02,193,146,P,P,0.8742,1.251,0.2565,272.9,108.9,0,24,-95,3974414122000,3974419042000,,3974422309000,,3974425576000,3974430496000
09867,2096-05-07,11:24:42,194,113,N,N,1.2896,0.5309,-0.5469,216.9,0,0,-16,-171,3987221581000,,,3987228088000,,,3987234595000
09868,2096-06-06,02:43:41,194,151,N,Nb,-1.5723,0.0047,-1.0584,21.2,0,0,-24,-41,3989788191000,,,3989788827000,,,3989789463000
09869,2096-10-31,11:30:23,195,118,N,N,-1.1307,0.7666,-0.2006,219.3,0,0,13,-175,4002514649000,,,4002521228000,,,4002527807000
09870,2096-11-29,21:22:22,195,156,N,N,1.5017,0.0862,-0.8816,78.1,0,0,23,37,4005060004000,,,4005062347000,,,4005064690000
09871,2097-04-26,12:18:17,196,123,P,P,0.5377,1.9013,0.842,344,195.2,0,-13,176,4017806581000,4017811045000,,4017816901000,,4017822757000,4017827221000
09872,2097-10-21,01:30:55,197,128,T,T,-0.4608,2.0152,1.0097,323.1,195.2,15.2,11,-26,4033147565000,4033151402000,4033156802000,4033157258000,4033157714000,4033163114000,4033166951000
09873,2098-04-15,19:04:48,198,133,T,T-,-0.2272,2.4454,1.4369,338.3,215.8,89,-10,74,4048416741000,4048420416000,4048424220000,4048426890000,4048429560000,4048433364000,4048437039000
09874,2098-10-10,09:19:58,200,138,T,T,0.2749,2.3831,1.3246,357.4,221,82.7,7,-143,4063760276000,4063764368000,4063768517000,4063770998000,4063773479000,4063777628000,4063781720000
09875,2099-04-05,08:30:56,201,143,P,P,-0.9304,1.1333,0.168,257.7,88.1,0,-7,-127,4079053124000,4079058212000,,4079060855000,,4079063498000,4079068586000
09877,2100-02-24,15:05:11,203,115,N,N,1.0267,0.9649,-0.017,244.6,0,0,10,138,4107157170000,,,4107164508000,,,4107171846000
09878,2100-08-19,21:44:58,204,120,N,N,-1.0905,0.8716,-0.1575,254.2,0,0,-13,36,4122387268000,,,4122394894000,,,4122402520000
09879,2101-02-14,02:50:00,205,125,T,T,0.3584,2.2184,1.1825,339.4,208.4,63.4,13,-38,4137782213000,4137786143000,4137790493000,4137792395000,4137794297000,4137798647000,4137802577000
09880,2101-08-09,08:25:33,206,130,T,T,-0.2864,2.3189,1.3458,324.4,208.4,80.7,-16,-124,4153009195000,4153012675000,4153016506000,4153018927000,4153021348000,4153025179000,4153028659000
09881,2102-02-03,07:18:21,207,135,T,T,-0.3514,2.2585,1.1686,363.2,217.5,63.6,16,-105,4168383198000,4168387569000,4168392186000,4168394094000,4168396002000,4168400619000,4168404990000
09882,2102-07-30,00:29:10,209,140,T,T,0.4586,1.9873,1.0451,303,189.5,31.3,-18,-5,4183653251000,4183656656000,4183661402000,4183662341000,4183663280000,4183668026000,4183671431000
09884,2103-06-20,09:36:11,211,112,N,N,-1.3492,0.3704,-0.6062,163.9,0,0,-25,-143,4211770243000,,,4211775160000,,,4211780077000
09885,2103-07-19,17:28:43,211,150,N,N,1.2002,0.6328,-0.322,203.4,0,0,-20,100,4214303010000,,,4214309112000,,,4214315214000
09886,2103-12-13,16:51:37,212,117,N,N,1.2239,0.6287,-0.4042,216.3,0,0,24,106,4227001196000,,,4227007685000,,,4227014174000
09887,2104-06-08,19:38:40,213,122,P,P,-0.6362,1.7069,0.6746,325.9,176.8,0,-23,66,4242387130000,4242391603000,,4242396907000,,4242402211000,4242406684000
09888,2104-12-02,04:58:11,214,127,P,P,0.491,1.9476,0.9661,308.2,186.5,0,22,-76,4257627631000,4257631282000,,4257636877000,,4257642472000,4257646123000
09889,2105-05-28,22:34:06,215,132,T,T+,0.1227,2.6687,1.5976,373.1,233.9,102.3,-21,22,4272981838000,4272986014000,4272989962000,4272993031000,4272996100000,4273000048000,4273004224000
09890,2105-11-21,20:42:00,216,137,T,T-,-0.1874,2.4976,1.5301,317.3,207.3,90.4,20,47,4288269585000,4288272885000,4288276392000,4288279104000,4288281816000,4288285323000,4288288623000
09891,2106-05-17,23:06:43,218,142,P,P,0.8677,1.2975,0.2345,308.4,114.5,0,-19,13,4303571333000,4303577150000,,4303580585000,,4303584020000,4303589837000
09892,2106-11-11,11:22:14,219,147,P,P,-0.8947,1.2153,0.2171,272.8,101.7,0,16,-174,4318909331000,4318914464000,,4318917515000,,4318920566000,4318925699000
09893,2107-04-07,17:30:11,220,114,N,N,-1.1382,0.7671,-0.2283,228.7,0,0,-8,99,4331633530000,,,4331640391000,,,4331647252000
09894,2107-05-07,04:30:24,220,152,N,Nb,1.5588,0.0058,-1.0103,22.2,0,0,-15,-67,4334184938000,,,4334185604000,,,4334186270000
09895,2107-10-02,05:23:19,221,119,N,N,1.1997,0.6911,-0.3775,239.2,0,0,4,-83,4346968802000,,,4346975978000,,,4346983154000
09896,2108-03-27,08:06:28,222,124,T,T,-0.3982,2.1076,1.1467,309,194.8,54.7,-3,-119,4362269296000,4362272722000,4362276925000,4362278566000,4362280207000,4362284410000,4362287836000
09897,2108-09-20,05:47:11,223,129,P,P,0.4884,2.003,0.9213,357.6,205.1,0,-1,-88,4377552280000,4377556855000,,4377563008000,,4377569161000,4377573736000
09898,2109-03-17,00:22:28,224,134,T,T,0.2962,2.2989,1.3296,316.4,203.3,77.5,2,-2,4392913232000,4392916625000,4392920399000,4392922724000,4392925049000,4392928823000,4392932216000
09899,2109-09-09,07:43:03,226,139,T,T-,-0.2608,2.4024,1.3568,355.2,221.6,85.6,-6,-115,4408144901000,4408148909000,4408152989000,4408155557000,4408158125000,4408162205000,4408166213000
09900,2110-03-06,13:37:20,227,144,N,N,1.0345,0.9686,-0.0491,256.4,0,0,7,160,4423548321000,,,4423556013000,,,4423563705000
09901,2110-08-29,16:38:48,228,149,P,P,-0.9893,1.0365,0.0488,258.6,49.8,0,-10,112,4438765542000,4438771806000,,4438773300000,,4438774794000,4438781058000
09902,2111-01-25,02:03:07,229,116,N,N,-1.1833,0.7371,-0.363,250.8,0,0,18,-27,4451586834000,,,4451594358000,,,4451601882000
09903,2111-07-21,00:53:17,230,121,P,P,0.8362,1.2938,0.353,266.3,123.2,0,-20,-11,4466874978000,4466879271000,,4466882967000,,4466886663000,4466890956000
09904,2112-01-14,01:06:36,231,126,P,P,-0.5087,1.9735,0.8764,355.3,200.1,0,21,-14,4482165906000,4482170562000,,4482176565000,,4482182568000,4482187224000
09905,2112-07-09,17:19:51,232,131,T,T+,0.1055,2.6471,1.6814,326.9,215.1,98.4,-22,102,4497517952000,4497521306000,4497524807000,4497527759000,4497530711000,4497534212000,4497537566000
09906,2113-01-02,04:22:59,234,136,T,T+,0.1964,2.5221,1.4735,350.1,220.2,92.1,23,-64,4512763442000,4512767339000,4512771182000,4512773945000,4512776708000,4512780551000,4512784448000
09907,2113-06-29,04:55:26,235,141,P,P,-0.6887,1.6035,0.5849,315.1,165.2,0,-24,-72,4528145638000,4528150135000,,4528155091000,,4528160047000,4528164544000
09908,2113-12-22,14:58:42,236,146,P,P,0.8666,1.2644,0.2712,273.2,111.5,0,24,136,4543389490000,4543394341000,,4543397686000,,4543401031000,4543405882000
09909,2114-05-19,18:07:33,237,113,N,N,1.3611,0.3984,-0.677,190.1,0,0,-19,89,4556190513000,,,4556196216000,,,4556201919000
09910,2114-06-18,09:17:07,237,151,N,N,-1.4944,0.1478,-0.9157,117.4,0,0,-25,-138,4558752868000,,,4558756390000,,,4558759912000
09911,2114-11-12,19:59:33,238,118,N,N,-1.1533,0.727,-0.2439,214.9,0,0,17,58,4571489288000,,,4571495735000,,,4571502182000
09912,2114-12-12,06:09:26,238,156,N,N,1.4932,0.1026,-0.8666,85,0,0,25,-93,4574035378000,,,4574037928000,,,4574040478000
09913,2115-05-08,19:21:24,239,123,P,P,0.5996,1.7849,0.7311,336.9,185,0,-17,70,4586776138000,4586780695000,,4586786245000,,4586791795000,4586796352000
09914,2115-11-02,09:36:34,241,128,P,P,-0.4919,1.9611,0.9498,322.4,191.9,0,14,-147,4602120681000,4602124596000,,4602130353000,,4602136110000,4602140025000
09915,2116-04-27,02:41:18,242,133,T,T-,-0.1746,2.5388,1.5364,338.1,217.7,94.6,-14,-40,4617388093000,4617391705000,4617395398000,4617398236000,4617401074000,4617404767000,4617408379000
09916,2116-10-21,16:53:39,243,138,T,T+,0.2353,2.4586,1.3943,360.5,223.8,88.8,11,104,4632731361000,4632735462000,4632739512000,4632742176000,4632744840000,4632748890000,4632752991000
09917,2117-04-16,16:32:00,244,143,P,P,-0.8852,1.2139,0.253,263.7,106.6,0,-11,113,4648025765000,4648030478000,,4648033676000,,4648036874000,4648041587000
09918,2117-10-10,17:47:12,245,148,P,P,0.9675,1.1274,0.0387,298.5,48.4,0,8,91,4663322032000,4663329535000,,4663330987000,,4663332439000,4663339942000
09919,2118-03-07,23:33:04,246,115,N,N,1.0496,0.9228,-0.0588,240.8,0,0,6,11,4676131714000,,,4676138938000,,,4676146162000
09920,2118-08-31,04:51:45,247,120,N,N,-1.1543,0.754,-0.274,238.5,0,0,-10,-71,4691357303000,,,4691364458000,,,4691371613000
09921,2119-02-25,11:05:13,249,125,T,T,0.3765,2.1857,1.149,339.5,207.4,58.1,10,-162,4706755879000,4706759842000,4706764321000,4706766064000,4706767807000,4706772286000,4706776249000
09922,2119-08-20,15:51:55,250,130,T,T,-0.3538,2.1946,1.2227,320.3,203.1,67.3,-13,124,4721980056000,4721983572000,4721987646000,4721989665000,4721991684000,4721995758000,4721999274000
09923,2120-02-14,15:17:20,251,135,T,T,-0.3371,2.2848,1.195,364.6,219.1,67.9,13,135,4737355851000,4737360216000,4737364752000,4737366789000,4737368826000,4737373362000,4737377727000
09924,2120-08-09,08:01:32,252,140,T,T,0.3875,2.1182,1.1751,307.1,195.9,59.3,-15,-118,4752624227000,4752627563000,4752631661000,4752633440000,4752635219000,4752639317000,4752642653000
09926,2121-06-30,16:49:52,254,112,N,N,-1.4272,0.2286,-0.7505,131,0,0,-25,110,4780741208000,,,4780745138000,,,4780749068000
09927,2121-07-30,00:52:44,255,150,N,N,1.1312,0.761,-0.1968,220.8,0,0,-17,-11,4783273085000,,,4783279709000,,,4783286333000
09928,2121-12-24,01:22:13,256,117,N,N,1.2261,0.6238,-0.4071,214.8,0,0,25,-20,4795975833000,,,4795982277000,,,4795988721000
09929,2122-06-20,02:27:47,257,122,P,P,-0.7177,1.5584,0.524,318.3,160.2,0,-24,-35,4811355861000,4811360604000,,4811365410000,,4811370216000,4811374959000
09930,2122-12-13,13:42:41,258,127,P,P,0.4979,1.9349,0.9536,307.1,185.4,0,24,154,4826603090000,4826606741000,,4826612303000,,4826617865000,4826621516000
09931,2123-06-09,05:06:28,259,132,T,T+,0.0406,2.8189,1.7487,374.3,235.7,106.1,-23,-76,4841949300000,4841953458000,4841957346000,4841960529000,4841963712000,4841967600000,4841971758000
09932,2123-12-03,05:24:09,261,137,T,T-,-0.1755,2.5208,1.5507,318,207.7,91.4,22,-83,4857244848000,4857248157000,4857251646000,4857254388000,4857257130000,4857260619000,4857263928000
09933,2124-05-28,05:50:59,262,142,P,P,0.7913,1.4356,0.377,318.4,141.9,0,-21,-87,4872539245000,4872544540000,,4872548797000,,4872553054000,4872558349000
09934,2124-11-21,19:47:21,263,147,P,P,-0.8808,1.2434,0.2401,276.1,106.9,0,19,61,4887883495000,4887888571000,,4887891778000,,4887894985000,4887900061000
09935,2125-04-18,01:18:48,264,114,N,N,-1.1791,0.689,-0.3005,217.5,0,0,-12,-19,4900605939000,,,4900612464000,,,4900618989000
09936,2125-05-17,11:46:31,264,152,N,N,1.4923,0.1249,-0.8854,100.9,0,0,-18,-176,4903152700000,,,4903155727000,,,4903158754000
09937,2125-10-12,12:43:06,265,119,N,N,1.2476,0.6061,-0.4679,226.6,0,0,9,167,4915939523000,,,4915946321000,,,4915953119000
09938,2126-04-07,16:17:55,266,124,T,T,-0.4346,2.039,1.0817,306.3,191.5,41.6,-7,117,4931242820000,4931246264000,4931250761000,4931252009000,4931253257000,4931257754000,4931261198000
09939,2126-10-01,12:49:48,268,129,P,P,0.5446,1.9011,0.8169,353.1,196.7,0,4,166,4946521727000,4946526419000,,4946532320000,,4946538221000,4946542913000
09940,2127-03-28,08:40:17,269,134,T,T+,0.2664,2.3531,1.3849,318,205.5,82.3,-3,-128,4961887008000,4961890383000,4961894079000,4961896548000,4961899017000,4961902713000,4961906088000
09941,2127-09-20,14:56:04,270,139,T,T-,-0.2007,2.5126,1.4672,356.2,224.2,93.5,-1,136,4977114808000,4977118768000,4977122689000,4977125494000,4977128299000,4977132220000,4977136180000
09943,2128-09-09,00:10:30,273,149,P,P,-0.9266,1.1513,0.1642,268.2,89.6,0,-6,-2,5007736311000,5007741669000,,5007744357000,,5007747045000,5007752403000
09944,2129-02-04,10:02:24,274,116,N,N,-1.1959,0.714,-0.3858,247.6,0,0,15,-146,5020559642000,,,5020567070000,,,5020574498000
09945,2129-07-31,08:24:31,275,121,P,P,0.907,1.1644,0.2224,256.5,99.7,0,-17,-123,5035846301000,5035851005000,,5035853996000,,5035856987000,5035861691000
09946,2130-01-24,09:10:19,276,126,P,P,-0.5173,1.9565,0.8619,353.7,198.7,0,19,-134,5051138932000,5051143582000,,5051149543000,,5051155504000,5051160154000
09947,2130-07-21,00:38:56,277,131,T,T+,0.1803,2.5114,1.5426,326.6,213.4,93.5,-20,-7,5066488261000,5066491657000,5066495254000,5066498059000,5066500864000,5066504461000,5066507857000
09948,2131-01-13,12:49:59,279,136,T,T+,0.1914,2.5296,1.4842,348.9,219.8,92.5,22,171,5081737853000,5081741726000,5081745545000,5081748320000,5081751095000,5081754914000,5081758787000
09949,2131-07-10,11:47:56,280,141,P,P,-0.6107,1.7483,0.7265,324.5,180.4,0,-23,-174,5097114061000,5097118384000,,5097123796000,,5097129208000,5097133531000
09950,2132-01-02,23:44:22,281,146,P,P,0.8604,1.275,0.2835,273.4,113.6,0,24,6,5112364979000,5112369773000,,5112373181000,,5112376589000,5112381383000
09951,2132-05-30,00:42:50,282,113,N,N,1.438,0.2563,-0.8169,154.4,0,0,-21,-10,5125159256000,,,5125163888000,,,5125168520000
09952,2132-06-28,15:45:35,282,151,N,N,-1.4127,0.2981,-0.7663,164.7,0,0,-24,126,5127718712000,,,5127723653000,,,5127728594000
09953,2132-11-23,04:35:10,283,118,N,N,-1.1707,0.6968,-0.2776,211.4,0,0,19,-71,5140464285000,,,5140470627000,,,5140476969000
09954,2132-12-22,14:59:51,283,156,N,N,1.4873,0.1138,-0.8564,89.5,0,0,25,136,5143011023000,,,5143013708000,,,5143016393000
09955,2133-05-19,02:16:19,284,123,P,P,0.6688,1.6553,0.6067,328.4,171.6,0,-19,-34,5155745243000,5155749947000,,5155755095000,,5155760243000,5155764947000
09956,2133-11-12,17:50:08,286,128,P,P,-0.5157,1.9203,0.9033,322.2,189.3,0,17,90,5171094256000,5171098243000,,5171103922000,,5171109601000,5171113588000
09957,2134-05-08,10:10:41,287,133,T,T-,-0.1152,2.6447,1.6482,337.6,219,98.8,-17,-152,5186359026000,5186362584000,5186366190000,5186369154000,5186372118000,5186375724000,5186379282000
09958,2134-11-02,00:34:20,288,138,T,T+,0.2022,2.5222,1.4521,363.1,225.9,93,15,-12,5201702879000,5201706995000,5201710982000,5201713772000,5201716562000,5201720549000,5201724665000
09959,2135-04-28,00:26:35,289,143,P,P,-0.8344,1.3051,0.3483,269.9,123.2,0,-15,-6,5216998009000,5217002410000,,5217006106000,,5217009802000,5217014203000
09960,2135-10-22,01:06:05,291,148,P,P,0.9242,1.2085,0.1164,306.6,83.1,0,12,-20,5232292076000,5232298781000,,5232301274000,,5232303767000,5232310472000
09961,2136-03-18,07:53:55,292,115,N,N,1.0778,0.8707,-0.1103,235.6,0,0,2,-115,5245105875000,,,5245112943000,,,5245120011000
09962,2136-04-16,17:08:45,292,153,N,Nb,-1.5241,0.0396,-0.9174,53.3,0,0,-12,103,5247650234000,,,5247651833000,,,5247653432000
09963,2136-09-10,12:05:06,293,120,N,N,-1.2134,0.6452,-0.3821,222.2,0,0,-6,180,5260327747000,,,5260334413000,,,5260341079000
09964,2137-03-07,19:13:43,294,125,T,T,0.3992,2.1441,1.1069,339.3,205.8,50,5,76,5275729150000,5275733155000,5275737829000,5275739329000,5275740829000,5275745503000,5275749508000
09965,2137-08-30,23:24:05,296,130,T,T,-0.4171,2.0782,1.1069,315.9,197.1,48.3,-9,11,5290951272000,5290954836000,5290959300000,5290960749000,5290962198000,5290966662000,5290970226000
09966,2138-02-24,23:09:56,297,135,T,T,-0.3178,2.3198,1.2306,366.1,221.1,73.1,9,17,5306328116000,5306332466000,5306336906000,5306339099000,5306341292000,5306345732000,5306350082000
09967,2138-08-20,15:38:46,298,140,T,T,0.3204,2.2421,1.2977,310.4,200.9,74.3,-12,127,5321595516000,5321598801000,5321602599000,5321604828000,5321607057000,5321610855000,5321614140000
09969,2139-07-12,00:01:45,300,112,N,Ne,-1.5055,0.0866,-0.8957,81.9,0,0,-23,3,5349712548000,,,5349715005000,,,5349717462000
09970,2139-08-10,08:18:10,301,150,N,N,1.0638,0.8865,-0.0749,236,0,0,-15,-122,5352243309000,,,5352250389000,,,5352257469000
09971,2140-01-04,09:55:16,302,117,N,N,1.227,0.6209,-0.4075,213.6,0,0,24,-146,5364950606000,,,5364957014000,,,5364963422000
09972,2140-06-30,09:13:17,303,122,P,P,-0.8012,1.4064,0.3695,308.9,138.2,0,-24,-136,5380324427000,5380329548000,,5380333694000,,5380337840000,5380342961000
09973,2140-12-23,22:29:48,304,127,P,P,0.5028,1.9255,0.945,306.2,184.6,0,24,24,5395578698000,5395582346000,,5395587884000,,5395593422000,5395597070000
09974,2141-06-19,11:34:51,305,132,T,T-,-0.0446,2.8112,1.7415,374.4,235.9,106.1,-23,-172,5410916554000,5410920709000,5410924603000,5410927786000,5410930969000,5410934863000,5410939018000
09975,2141-12-13,14:10:16,307,137,T,T-,-0.1671,2.5374,1.5652,318.7,208.1,92,23,147,5426220348000,5426223666000,5426227149000,5426229909000,5426232669000,5426236152000,5426239470000
09976,2142-06-08,12:32:42,308,142,P,P,0.7118,1.5794,0.5247,327.2,163.2,0,-22,173,5441507038000,5441511958000,,5441516854000,,5441521750000,5441526670000
09977,2142-12-03,04:16:11,309,147,P,P,-0.8704,1.2648,0.2569,278.9,110.6,0,21,-65,5456857895000,5456862944000,,5456866262000,,5456869580000,5456874629000
09978,2143-04-29,09:01:22,310,114,N,N,-1.2256,0.6009,-0.383,204.1,0,0,-16,-135,5469578049000,,,5469584172000,,,5469590295000
09979,2143-05-28,18:59:24,311,152,N,N,1.4219,0.2513,-0.7536,140.9,0,0,-20,76,5472121426000,,,5472125653000,,,5472129880000
09980,2143-10-23,20:10:38,312,119,N,N,1.2885,0.5336,-0.5457,214.8,0,0,13,54,5484910682000,,,5484917126000,,,5484923570000
09981,2144-04-18,00:20:29,313,124,T,T,-0.4787,1.9563,1.0026,302.9,187,7.6,-11,-4,5500215829000,5500219306000,5500224688000,5500224916000,5500225144000,5500230526000,5500234003000
09982,2144-10-11,20:02:14,314,129,P,P,0.593,1.8136,0.7269,348.7,188.3,0,8,57,5515491759000,5515496571000,,5515502220000,,5515507869000,5515512681000
09983,2145-04-07,16:48:09,315,134,T,T+,0.2285,2.4221,1.455,319.7,207.9,87.3,-7,110,5530860183000,5530863537000,5530867155000,5530869774000,5530872393000,5530876011000,5530879365000
09984,2145-09-30,22:19:51,317,139,T,T-,-0.1486,2.6083,1.5628,356.5,225.7,98.2,3,24,5546085379000,5546089303000,5546093128000,5546096074000,5546099020000,5546102845000,5546106769000
09985,2146-03-28,05:44:28,318,144,P,P,0.9832,1.0629,0.0448,267.6,48.6,0,-2,-83,5561493922000,5561500492000,,5561501950000,,5561503408000,5561509978000
09986,2146-09-20,07:51:28,319,149,P,P,-0.8707,1.2537,0.2669,275.9,112.3,0,-2,-118,5576707692000,5576712600000,,5576715969000,,5576719338000,5576724246000
09987,2147-02-15,17:57:14,320,116,N,N,-1.2114,0.6849,-0.4138,243.4,0,0,12,95,5589532212000,,,5589539514000,,,5589546816000
09988,2147-08-11,15:57:02,322,121,P,P,0.9765,1.0378,0.0941,245.8,66,0,-14,123,5604817726000,5604823120000,,5604825100000,,5604827080000,5604832474000
09989,2147-09-09,23:11:33,322,159,N,Nb,-1.5372,0.0123,-0.938,29.6,0,0,-7,13,5607355883000,,,5607356771000,,,5607357659000
09990,2148-02-04,17:13:45,323,126,P,P,-0.5265,1.938,0.8465,352,197.2,0,16,106,5620111942000,5620116586000,,5620122502000,,5620128418000,5620133062000
09991,2148-07-31,07:56:37,324,131,T,T+,0.2554,2.3755,1.403,325.7,210.4,85.3,-18,-116,5635458502000,5635461961000,5635465714000,5635468273000,5635470832000,5635474585000,5635478044000
09992,2149-01-23,21:17:23,325,136,T,T+,0.1859,2.5379,1.4962,347.6,219.6,93,19,45,5650712290000,5650716130000,5650719928000,5650722718000,5650725508000,5650729306000,5650733146000
09993,2149-07-20,18:38:11,327,141,P,P,-0.5315,1.8957,0.87,333.1,193.2,0,-21,84,5666082371000,5666086568000,,5666092364000,,5666098160000,5666102357000
09994,2150-01-13,08:31:35,328,146,P,P,0.8552,1.2834,0.2941,273.3,115.3,0,22,-124,5681340568000,5681345308000,,5681348767000,,5681352226000,5681356966000
09995,2150-06-10,07:14:48,329,113,N,Ne,1.5171,0.1101,-0.9612,102.4,0,0,-22,-107,5694128287000,,,5694131359000,,,5694134431000
09996,2150-07-09,22:13:22,329,151,N,N,-1.33,0.4505,-0.6151,199.9,0,0,-23,29,5696684876000,,,5696690873000,,,5696696870000
09997,2150-12-04,13:14:45,330,118,N,N,-1.1848,0.6727,-0.3051,208.7,0,0,21,160,5709439494000,,,5709445755000,,,5709452016000
09998,2151-01-02,23:51:26,330,156,N,N,1.4828,0.1225,-0.8484,92.8,0,0,24,4,5711986772000,,,5711989556000,,,5711992340000
09999,2151-05-30,09:09:10,331,123,P,P,0.7403,1.5216,0.478,318.6,155.1,0,-21,-136,5724714261000,5724719166000,,5724723819000,,5724728472000,5724733377000
10000,2151-11-24,02:08:13,332,128,P,P,-0.535,1.8875,0.8651,322.2,187,0,20,-34,5740068095000,5740072151000,,5740077761000,,5740083371000,5740087427000
10001,2152-05-18,17:35:13,333,133,T,T-,-0.0511,2.7597,1.7688,336.7,219.6,101.2,-20,97,5755329679000,5755333192000,5755336744000,5755339780000,5755342816000,5755346368000,5755349881000
10002,2152-11-12,08:21:47,334,138,T,T+,0.1753,2.5743,1.4989,365.4,227.5,95.8,18,-128,5770674811000,5770678948000,5770682899000,5770685773000,5770688647000,5770692598000,5770696735000
10003,2153-05-08,08:14:39,335,143,P,P,-0.7781,1.4065,0.4535,276.3,138.3,0,-18,-123,5785969855000,5785973995000,,5785978144000,,5785982293000,5785986433000
10004,2153-11-01,08:34:03,336,148,P,P,0.8881,1.2763,0.1811,313,102.7,0,15,-132,5801262717000,5801269026000,,5801272107000,,5801275188000,5801281497000
10005,2154-03-29,16:05:07,337,115,N,N,1.1135,0.8049,-0.1757,228.6,0,0,-3,122,5814079512000,,,5814086370000,,,5814093228000
10006,2154-04-28,01:04:33,337,153,N,N,-1.4784,0.1228,-0.8328,93.2,0,0,-15,-16,5816621540000,,,5816624336000,,,5816627132000
10007,2154-09-21,19:29:06,338,120,N,N,-1.2646,0.551,-0.4759,206.5,0,0,-2,68,5829298813000,,,5829305008000,,,5829311203000
10008,2154-10-21,09:26:08,338,158,N,Nb,1.556,0.0348,-1.0286,56.4,0,0,12,-145,5831859138000,,,5831860830000,,,5831862522000
10009,2155-03-19,03:12:45,339,125,T,T,0.4293,2.0892,1.0517,338.5,203.4,35.5,1,-45,5844701871000,5844705924000,5844710961000,5844712026000,5844713091000,5844718128000,5844722181000
10010,2155-09-11,07:03:11,340,130,T,T,-0.4752,1.9715,1.0003,311.4,190.7,2.6,-5,-105,5859922909000,5859926530000,5859932173000,5859932251000,5859932329000,5859937972000,5859941593000
10011,2156-03-07,06:54:14,341,135,T,T,-0.2922,2.3663,1.2782,367.7,223.5,79,5,-100,5875299882000,5875304208000,5875308543000,5875310913000,5875313283000,5875317618000,5875321944000
10012,2156-08-30,23:20:37,342,140,T,T+,0.2569,2.3595,1.4132,313,204.6,83.9,-8,11,5890567105000,5890570357000,5890573978000,5890576495000,5890579012000,5890582633000,5890585885000
10013,2157-02-24,06:16:36,343,145,P,P,-0.9868,1.0949,0.0005,294.2,5.6,0,9,-90,5905885427000,5905894085000,,5905894253000,,5905894421000,5905903079000
10014,2157-08-20,15:46:36,344,150,P,P,0.9992,1.007,0.0415,249.2,45.1,0,-11,125,5921213776000,5921219899000,,5921221252000,,5921222605000,5921228728000
10015,2158-01-14,18:29:52,345,117,N,N,1.2275,0.6184,-0.4068,212.5,0,0,22,87,5933925472000,,,5933931847000,,,5933938222000
10016,2158-07-11,15:55:51,346,122,P,P,-0.8859,1.2525,0.2126,297.8,107.6,0,-23,124,5949292871000,5949298577000,,5949301805000,,5949305033000,5949310739000
10017,2159-01-04,07:19:20,347,127,P,P,0.5061,1.9189,0.9394,305.4,183.9,0,23,-107,5964554451000,5964558096000,,5964563613000,,5964569130000,5964572775000
10018,2159-06-30,18:00:09,348,132,T,T-,-0.1322,2.6504,1.5809,373.4,234.1,102,-23,92,5979883659000,5979887838000,5979891801000,5979894861000,5979897921000,5979901884000,5979906063000
10019,2159-12-24,23:00:09,349,137,T,T-,-0.1619,2.5478,1.5737,319.2,208.4,92.4,23,16,5995196084000,5995199408000,5995202888000,5995205660000,5995208432000,5995211912000,5995215236000
10020,2160-06-18,19:10:10,350,142,P,P,0.628,1.7313,0.6804,335.2,180.8,0,-23,74,6010474604000,6010479236000,,6010484660000,,6010490084000,6010494716000
10021,2160-12-13,12:50:19,351,147,P,P,-0.865,1.2768,0.2646,280.8,112.4,0,22,167,6025832644000,6025837696000,,6025841068000,,6025844440000,6025849492000
10022,2161-05-09,16:38:03,352,114,N,N,-1.2776,0.5027,-0.4757,187.7,0,0,-19,111,6038549900000,,,6038555531000,,,6038561162000
10023,2161-06-08,02:08:54,352,152,N,N,1.3475,0.3853,-0.6146,171.5,0,0,-22,-31,6041090237000,,,6041095382000,,,6041100527000
10024,2161-11-03,03:45:49,353,119,N,N,1.3226,0.4736,-0.6107,204.1,0,0,16,-59,6053882273000,,,6053888396000,,,6053894519000
10025,2162-04-29,08:17:08,354,124,P,P,-0.528,1.8642,0.9137,298.9,181.3,0,-15,-124,6069188507000,6069192035000,,6069197474000,,6069202913000,6069206441000
10026,2162-10-23,03:23:58,356,129,P,P,0.634,1.7395,0.6504,344.6,180.3,0,12,-54,6084462344000,6084467273000,,6084472682000,,6084478091000,6084483020000
10027,2163-04-19,00:49:33,357,134,T,T+,0.1858,2.5,1.5338,321.5,210.2,91.8,-11,-11,6099832971000,6099836310000,6099839862000,6099842616000,6099845370000,6099848922000,6099852261000
10028,2163-10-12,05:51:53,358,139,T,T-,-0.1026,2.6927,1.6471,356.3,226.3,100.9,7,-90,6115056466000,6115060366000,6115064128000,6115067155000,6115070182000,6115073944000,6115077844000
10029,2164-04-07,13:34:34,359,144,P,P,0.9479,1.1278,0.1095,274.6,75.5,0,-6,159,6130465877000,6130471850000,,6130474115000,,6130476380000,6130482353000
10030,2164-09-30,15:40:32,360,149,P,P,-0.8209,1.3449,0.3581,282,128,0,2,124,6145679612000,6145684232000,,6145688072000,,6145691912000,6145696532000
10031,2165-02-26,01:44:02,361,116,N,N,-1.2329,0.6447,-0.4524,237.1,0,0,8,-22,6158504368000,,,6158511481000,,,6158518594000
10032,2165-08-21,23:34:21,362,121,N,N,1.0417,0.9193,-0.0269,234.5,0,0,-11,8,6173789464000,,,6173796499000,,,6173803534000
10033,2165-09-20,07:05:16,362,159,N,N,-1.4858,0.1074,-0.8447,86.8,0,0,-2,-106,6176326550000,,,6176329154000,,,6176331758000
10034,2166-02-15,01:11:40,363,126,P,P,-0.5402,1.9109,0.8233,349.8,194.9,0,12,-13,6189084643000,6189089290000,,6189095137000,,6189100984000,6189105631000
10035,2166-08-11,15:17:07,364,131,T,T,0.3273,2.2456,1.2688,324.1,206.3,73.3,-15,134,6204428940000,6204432474000,6204436464000,6204438663000,6204440862000,6204444852000,6204448386000
10036,2167-02-04,05:41:32,365,136,T,T+,0.1772,2.5517,1.5143,346.4,219.4,93.8,16,-80,6219686535000,6219690345000,6219694113000,6219696927000,6219699741000,6219703509000,6219707319000
10037,2167-08-01,01:28:59,366,141,T,T,-0.4536,2.0407,1.0108,340.5,203.6,16.6,-18,-19,6235050758000,6235054865000,6235060475000,6235060973000,6235061471000,6235067081000,6235071188000
10038,2168-01-24,17:17:30,367,146,P,P,0.8487,1.294,0.3073,273.4,117.4,0,20,105,6250316081000,6250320761000,,6250324283000,,6250327805000,6250332485000
10039,2168-07-20,04:38:50,368,151,N,N,-1.2454,0.6065,-0.4607,228.9,0,0,-22,-66,6265651095000,,,6265657962000,,,6265664829000
10040,2168-12-14,21:59:24,369,118,N,N,-1.1945,0.6565,-0.3242,206.9,0,0,22,31,6278414988000,,,6278421195000,,,6278427402000
10041,2169-01-13,08:43:52,369,156,N,N,1.4794,0.1288,-0.8423,95.1,0,0,23,-127,6280962610000,,,6280965463000,,,6280968316000
10042,2169-06-09,15:57:06,370,123,P,P,0.8158,1.3806,0.3416,307.2,133.5,0,-22,122,6293683040000,6293688251000,,6293692256000,,6293696261000,6293701472000
10043,2169-12-04,10:31:58,371,128,P,P,-0.5488,1.8648,0.8375,322.5,185.3,0,22,-159,6309042272000,6309046388000,,6309051947000,,6309057506000,6309061622000
10044,2170-05-30,00:55:17,372,133,T,T+,0.0174,2.8188,1.833,335.3,219.3,101.7,-22,-13,6324300086000,6324303566000,6324307094000,6324310145000,6324313196000,6324316724000,6324320204000
10045,2170-11-23,16:16:21,373,138,T,T+,0.1554,2.6134,1.5331,367.2,228.6,97.7,21,114,6339647192000,6339651350000,6339655277000,6339658208000,6339661139000,6339665066000,6339669224000
10046,2171-05-19,15:56:55,374,143,P,P,-0.7166,1.5175,0.568,282.7,151.9,0,-21,121,6354941360000,6354945284000,,6354949841000,,6354954398000,6354958322000
10047,2171-11-12,16:10:02,376,148,P,P,0.8584,1.3323,0.2343,318,115.9,0,18,115,6370233886000,6370239949000,,6370243426000,,6370246903000,6370252966000
10048,2172-04-09,00:08:52,376,115,N,N,1.1548,0.7289,-0.2513,219.8,0,0,-7,0,6383052762000,,,6383059356000,,,6383065950000
10049,2172-05-08,08:53:18,377,153,N,N,-1.4275,0.2157,-0.7389,122.7,0,0,-19,-133,6385592740000,,,6385596421000,,,6385600102000
10050,2172-10-02,03:01:41,378,120,N,N,-1.3098,0.4681,-0.5586,191.3,0,0,3,-46,6398270384000,,,6398276123000,,,6398281862000
10051,2172-10-31,17:09:17,378,158,N,N,1.5197,0.1016,-0.9623,95.5,0,0,16,100,6400829714000,,,6400832579000,,,6400835444000
10052,2173-03-29,11:02:23,379,125,P,P,0.4662,2.0215,0.9839,337.1,199.9,0,-3,-163,6413674051000,6413678167000,,6413684164000,,6413690161000,6413694277000
10053,2173-09-21,14:50:18,380,130,P,P,-0.5272,1.8761,0.9047,306.9,184,0,-1,138,6428895031000,6428898718000,,6428904238000,,6428909758000,6428913445000
10054,2174-03-18,14:30:50,381,135,T,T-,-0.2605,2.4236,1.3371,369.4,226,85.2,1,146,6444271187000,6444275489000,6444279713000,6444282269000,6444284825000,6444289049000,6444293351000
10055,2174-09-11,07:08:03,382,140,T,T+,0.1982,2.4683,1.5197,315,207.3,90.3,-4,-106,6459539051000,6459542282000,6459545792000,6459548501000,6459551210000,6459554720000,6459557951000
10056,2175-03-07,13:59:53,383,145,P,P,-0.9608,1.1406,0.0502,298.1,54.8,0,4,154,6474857067000,6474864366000,,6474866010000,,6474867654000,6474874953000
10057,2175-08-31,23:19:04,384,150,P,P,0.9385,1.1207,0.1506,260.6,84.8,0,-8,12,6490184542000,6490189816000,,6490192360000,,6490194904000,6490200178000
10058,2176-01-26,03:03:39,385,117,N,N,1.2292,0.6133,-0.4082,210.9,0,0,20,-41,6502900307000,,,6502906634000,,,6502912961000
10059,2176-07-21,22:36:52,386,122,P,P,-0.9707,1.0986,0.0553,284.6,56.3,0,-21,24,6518261288000,6518268137000,,6518269826000,,6518271515000,6518278364000
10060,2177-01-14,16:08:55,387,127,P,P,0.5099,1.9112,0.9333,304.6,183.3,0,22,122,6533530210000,6533533849000,,6533539348000,,6533544847000,6533548486000
10061,2177-07-11,00:25:23,388,132,T,T-,-0.2199,2.4896,1.4199,371.2,230.4,93,-22,-3,6548850799000,6548855023000,6548859145000,6548861935000,6548864725000,6548868847000,6548873071000
10062,2178-01-04,07:50:14,390,137,T,T-,-0.157,2.5574,1.582,319.8,208.8,92.8,23,-115,6564171830000,6564175160000,6564178640000,6564181424000,6564184208000,6564187688000,6564191018000
10063,2178-06-30,01:48:39,391,142,P,P,0.5438,1.8841,0.8364,341.8,194.6,0,-23,-25,6579442274000,6579446690000,,6579452528000,,6579458366000,6579462782000
10064,2178-12-24,21:26:20,392,147,P,P,-0.8614,1.2853,0.2694,282.5,113.6,0,23,40,6594807513000,6594812580000,,6594815988000,,6594819396000,6594824463000
10065,2179-05-21,00:09:10,393,114,N,N,-1.3346,0.3956,-0.5778,167.6,0,0,-21,-2,6607521529000,,,6607526557000,,,6607531585000
10066,2179-06-19,09:16:11,393,152,N,N,1.2701,0.525,-0.4703,196.7,0,0,-22,-137,6610059077000,,,6610064978000,,,6610070879000
10067,2179-11-14,11:28:05,394,119,N,N,1.3504,0.4249,-0.6641,194.8,0,0,19,-175,6622854247000,,,6622860091000,,,6622865935000
10068,2180-05-09,16:05:58,395,124,P,P,-0.584,1.7599,0.8124,294.1,173.9,0,-18,119,6638160740000,6638164346000,,6638169563000,,6638174780000,6638178386000
10069,2180-11-02,10:55:47,396,129,P,P,0.6669,1.6803,0.5891,341,173.2,0,16,-167,6653433521000,6653438555000,,6653443751000,,6653448947000,6653453981000
10070,2181-04-29,08:40:08,397,134,T,T+,0.1345,2.5938,1.6281,323.2,212.3,95.9,-15,-129,6668805115000,6668808442000,6668811934000,6668814811000,6668817688000,6668821180000,6668824507000
10071,2181-10-22,13:35:21,398,139,T,T-,-0.0652,2.7613,1.7157,355.7,226.3,102.2,11,154,6684028252000,6684032134000,6684035857000,6684038923000,6684041989000,6684045712000,6684049594000
10072,2182-04-18,21:14:14,399,144,P,P,0.9049,1.2068,0.1883,282.5,98.3,0,-10,43,6699437180000,6699442706000,,6699445655000,,6699448604000,6699454130000
10073,2182-10-11,23:38:06,400,149,P,P,-0.7776,1.4246,0.4376,286.8,139.4,0,7,4,6714652082000,6714656504000,,6714660686000,,6714664868000,6714669290000
10074,2183-03-09,09:24:16,401,116,N,N,-1.2592,0.5953,-0.4997,229,0,0,3,-137,6727476185000,,,6727483055000,,,6727489925000
10075,2183-09-02,07:15:22,403,121,N,N,1.1036,0.8072,-0.1419,222.7,0,0,-7,-107,6742761438000,,,6742768119000,,,6742774800000
10076,2183-10-01,15:05:25,403,159,N,N,-1.4396,0.1933,-0.761,115.5,0,0,2,133,6745298457000,,,6745301922000,,,6745305387000
10077,2184-02-26,09:05:35,404,126,P,P,-0.5579,1.8762,0.793,347.1,192,0,8,-132,6758057118000,6758061771000,,6758067531000,,6758073291000,6758077944000
10078,2184-08-21,22:38:35,405,131,T,T,0.3977,2.119,1.1374,321.9,201,54.8,-11,23,6773399453000,6773403080000,6773407466000,6773409110000,6773410754000,6773415140000,6773418767000
10079,2185-02-14,14:03:41,406,136,T,T+,0.166,2.5697,1.5372,345.1,219.4,94.8,13,154,6788660662000,6788664433000,6788668171000,6788671015000,6788673859000,6788677597000,6788681368000
10080,2185-08-11,08:20:59,407,141,T,T,-0.3774,2.1828,1.1482,346.9,212,59.3,-15,-122,6804019245000,6804023292000,6804027873000,6804029652000,6804031431000,6804036012000,6804040059000
10081,2186-02-04,02:01:15,408,146,P,P,0.8402,1.308,0.3244,273.7,120.1,0,17,-25,6819291456000,6819296064000,,6819299667000,,6819303270000,6819307878000
10082,2186-07-31,11:07:14,409,151,N,N,-1.1629,0.7589,-0.3102,252.6,0,0,-19,-163,6834617647000,,,6834625225000,,,6834632803000
10083,2186-12-26,06:46:26,410,118,N,N,-1.2018,0.6443,-0.3389,205.7,0,0,22,-100,6847390605000,,,6847396776000,,,6847402947000
10084,2187-01-24,17:35:19,410,156,N,N,1.4758,0.1353,-0.8356,97.5,0,0,21,101,6849938384000,,,6849941309000,,,6849944234000
10085,2187-06-20,22:44:13,411,123,P,P,0.8928,1.2372,0.2025,294.4,104.6,0,-23,21,6862651810000,6862657504000,,6862660642000,,6862663780000,6862669474000
10086,2187-12-15,18:58:37,413,128,P,P,-0.5595,1.8473,0.8156,323,184.1,0,23,76,6878016614000,6878020781000,,6878026304000,,6878031827000,6878035994000
10087,2188-06-09,08:12:51,414,133,T,T+,0.0887,2.6856,1.7045,333.2,218,99.8,-23,-122,6893270361000,6893273817000,6893277363000,6893280357000,6893283351000,6893286897000,6893290353000
10088,2188-12-04,00:15:39,415,138,T,T+,0.1394,2.6448,1.5602,368.8,229.5,98.9,22,-5,6908619860000,6908624039000,6908627957000,6908630924000,6908633891000,6908637809000,6908641988000
10089,2189-05-29,23:34:01,416,143,P,P,-0.6505,1.6375,0.6909,288.8,164.1,0,-22,8,6923912561000,6923916302000,,6923921225000,,6923926148000,6923929889000
10090,2189-11-22,23:54:08,417,148,P,P,0.8349,1.3765,0.2764,321.7,125,0,21,-1,6939205580000,6939211481000,,6939215231000,,6939218981000,6939224882000
10091,2190-04-20,08:03:22,418,115,N,N,1.2034,0.6397,-0.3402,208.3,0,0,-11,-119,6952025535000,,,6952031784000,,,6952038033000
10092,2190-05-19,16:35:26,418,153,N,N,-1.3714,0.3183,-0.6357,147.8,0,0,-21,112,6954563674000,,,6954568108000,,,6954572542000
10093,2190-10-13,10:43:55,419,120,N,N,-1.3479,0.3979,-0.6285,176.9,0,0,7,-162,6967242509000,,,6967247816000,,,6967253123000
10094,2190-11-12,01:00:53,419,158,N,N,1.4894,0.1572,-0.9067,117.9,0,0,19,-18,6969801297000,,,6969804834000,,,6969808371000
10095,2191-04-09,18:42:01,420,125,P,P,0.5107,1.9399,0.9022,334.9,194.9,0,-7,82,6982645654000,6982649854000,,6982655701000,,6982661548000,6982665748000
10096,2191-10-02,22:45:48,422,130,P,P,-0.5729,1.7925,0.8206,302.6,177.4,0,3,18,6997867648000,6997871404000,,6997876726000,,6997882048000,6997885804000
10097,2192-03-28,21:56:24,423,135,T,T-,-0.2202,2.4966,1.412,371.1,228.8,91.6,-4,34,7013241828000,7013246097000,7013250213000,7013252961000,7013255709000,7013259825000,7013264094000
10098,2192-09-21,15:02:17,424,140,T,T+,0.1453,2.5668,1.6154,316.5,209.1,94.4,0,134,7028511418000,7028514640000,7028518081000,7028520913000,7028523745000,7028527186000,7028530408000
10099,2193-03-17,21:34:32,425,145,P,P,-0.9274,1.1995,0.1138,303,81.6,0,0,40,7043828157000,7043834799000,,7043837247000,,7043839695000,7043846337000
10100,2193-09-11,06:57:00,426,150,P,P,0.8828,1.2256,0.2505,270.4,108.1,0,-4,-104,7059155682000,7059160551000,,7059163794000,,7059167037000,7059171906000
10101,2194-02-05,11:34:56,427,117,N,N,1.2338,0.6027,-0.4146,208.5,0,0,17,-168,7071875014000,,,7071881269000,,,7071887524000
10102,2194-08-02,05:18:42,428,122,N,N,-1.0539,0.9479,-0.0993,269.6,0,0,-19,-76,7087229806000,,,7087237894000,,,7087245982000
10103,2195-01-26,00:58:49,429,127,P,P,0.5139,1.9028,0.9269,303.7,182.7,0,19,-10,7102505989000,7102509619000,,7102515100000,,7102520581000,7102524211000
10104,2195-07-22,06:49:10,431,132,T,T,-0.3086,2.3271,1.2569,367.7,224.6,77.4,-20,-99,7117817888000,7117822181000,7117826597000,7117828919000,7117831241000,7117835657000,7117839950000
10105,2196-01-15,16:41:55,432,137,T,T-,-0.1537,2.5641,1.5877,320.3,209.1,93.1,21,114,7133147674000,7133151010000,7133154490000,7133157283000,7133160076000,7133163556000,7133166892000
10106,2196-07-10,08:26:05,433,142,P,P,0.4577,2.0407,0.996,347.3,205.8,0,-22,-123,7148409913000,7148414158000,,7148420332000,,7148426506000,7148430751000
10107,2197-01-04,06:04:04,434,147,P,P,-0.8601,1.2894,0.2703,283.8,114.1,0,22,-88,7163782496000,7163787587000,,7163791010000,,7163794433000,7163799524000
10108,2197-05-31,07:36:04,435,114,N,N,-1.3954,0.2817,-0.6871,142.4,0,0,-23,-113,7176493057000,,,7176497329000,,,7176501601000
10109,2197-06-29,16:22:52,435,152,N,N,1.1911,0.668,-0.3233,217.8,0,0,-22,117,7179028003000,,,7179034537000,,,7179041071000
10110,2197-11-24,19:17:17,436,119,N,N,1.3722,0.387,-0.7061,187,0,0,22,69,7191826591000,,,7191832201000,,,7191837811000
10111,2198-05-20,23:50:32,437,124,P,P,-0.6436,1.6493,0.7041,288.4,164.8,0,-21,3,7207132743000,7207136451000,,7207141395000,,7207146339000,7207150047000
10112,2198-11-13,18:34:28,439,129,P,P,0.6944,1.6306,0.5378,337.7,166.7,0,19,79,7222405098000,7222410228000,,7222415229000,,7222420230000,7222425360000
10113,2199-05-10,16:25:22,440,134,T,T+,0.0793,2.6951,1.7297,324.8,214,98.8,-18,115,7237776938000,7237780262000,7237783718000,7237786682000,7237789646000,7237793102000,7237796426000
10114,2199-11-02,21:27:11,441,139,T,T-,-0.034,2.8187,1.7731,354.9,226,102.7,15,36,7253000543000,7253004410000,7253008109000,7253011190000,7253014271000,7253017970000,7253021837000
10115,2200-04-30,04:44:34,442,144,P,P,0.855,1.2987,0.2797,291.1,118.6,0,-14,-70,7268407899000,7268413074000,,7268416632000,,7268420190000,7268425365000
10116,2200-10-23,07:44:43,443,149,P,P,-0.7411,1.4917,0.5044,290.4,147.8,0,11,-118,7283625128000,7283629406000,,7283633840000,,7283638274000,7283642552000